"","Sites","Richness","sd"
"1",1,10.443,33.5783599548468
"2",2,20.758,48.0719080580784
"3",3,30.385,52.7098387599706
"4",4,42.345,68.9764287472374
"5",5,49.883,70.2336962083236
"6",6,60.137,82.5190136793856
"7",7,68.586,84.910637851923
"8",8,78.019,87.5944600327465
"9",9,87.202,89.7285038346255
"10",10,96.845,92.5505082188724
"11",11,106.225,97.8416443155079
"12",12,114.23,99.3899162664677
"13",13,124.041,108.036406753391
"14",14,133.455,113.937472864386
"15",15,143.003,119.044708549493
"16",16,152.663,120.092637878734
"17",17,161.49,121.464816311562
"18",18,170.227,121.759791876949
"19",19,177.77,121.919019629209
"20",20,185.645,122.28400694021
"21",21,195.253,125.038320416473
"22",22,203.114,125.793405967821
"23",23,211.065,126.77900335107
"24",24,218.81,127.660624842334
"25",25,227.129,128.91533470663
"26",26,235.575,130.304319155547
"27",27,243.217,131.096346871921
"28",28,252.528,139.039876666024
"29",29,260.945,139.871669965934
"30",30,268.1,140.435993492652
"31",31,277.101,145.230460598614
"32",32,284.874,144.823900258507
"33",33,291.831,145.130980291737
"34",34,300.435,147.890071499909
"35",35,308.373,150.560334368934
"36",36,316.333,151.430417295477
"37",37,322.91,151.889539904275
"38",38,329.619,152.340551011484
"39",39,340.345,158.930320649717
"40",40,348.152,160.446932392346
"41",41,355.103,161.327675896016
"42",42,362.188,161.108257164326
"43",43,371.424,166.507570383436
"44",44,379.947,168.910381291109
"45",45,389.047,174.332086740988
"46",46,397.549,177.394279302714
"47",47,403.941,177.67138385131
"48",48,411.774,180.491651220105
"49",49,418.832,182.785985492577
"50",50,426.718,184.865561291853
"51",51,435.866,187.990266727787
"52",52,443.11,190.415061893212
"53",53,450.948,190.448812141336
"54",54,458.986,192.801956417455
"55",55,467.014,193.6284115665
"56",56,474.419,193.445130353435
"57",57,481.082,195.42843587756
"58",58,488.268,197.009992419453
"59",59,495.416,198.963658695455
"60",60,503.206,200.760913796756
"61",61,510.104,201.281040441571
"62",62,518.603,205.378040526563
"63",63,526.271,206.548226157304
"64",64,533.288,206.338145980055
"65",65,539.834,207.767219892026
"66",66,548.519,210.344085424985
"67",67,556.369,210.340438192324
"68",68,564.267,211.72069658955
"69",69,570.731,211.907766588534
"70",70,576.973,212.064569536386
"71",71,584.961,213.822448584143
"72",72,591.382,214.667431582395
"73",73,598.723,216.424596284426
"74",74,605.176,217.075324992779
"75",75,610.902,216.579068445889
"76",76,617.946,217.124093448783
"77",77,624.283,217.935097259752
"78",78,630.835,220.410159505893
"79",79,640.463,226.098295150738
"80",80,646.794,226.335276130835
"81",81,653.852,225.598175153596
"82",82,661.215,227.749389811608
"83",83,667.874,228.558708447539
"84",84,674.989,229.495544802256
"85",85,681.486,229.55104767238
"86",86,687.476,229.625031473224
"87",87,693.949,231.1704180062
"88",88,701.224,234.68567743088
"89",89,707.881,236.396696756188
"90",90,715.114,236.621090658767
"91",91,722,238.087411711782
"92",92,728.373,239.370654385999
"93",93,735.154,239.924079341461
"94",94,741.168,239.519279518917
"95",95,746.605,239.738477330012
"96",96,752.848,239.835268156816
"97",97,759.443,241.964182093996
"98",98,765.257,241.905053700839
"99",99,771.638,242.008241481452
"100",100,777.746,243.160038427963
"101",101,783.796,243.994581373726
"102",102,790.554,245.146286502133
"103",103,797.856,249.348266129568
"104",104,803.636,249.722154921542
"105",105,809.247,249.536459130596
"106",106,815.56,251.922804643604
"107",107,821.348,252.302460208828
"108",108,828.408,252.065532289856
"109",109,834.385,253.488811098937
"110",110,840.09,253.346743560032
"111",111,846.513,255.164944653414
"112",112,852.953,255.40763859535
"113",113,859.652,256.364649922195
"114",114,866.741,257.017621919154
"115",115,872.563,258.402615975425
"116",116,878.056,258.110937622024
"117",117,883.209,258.017538879374
"118",118,888.916,258.777956895434
"119",119,894.495,258.121154703572
"120",120,900.76,257.438756043283
"121",121,907.371,258.278522440706
"122",122,913.312,258.790106022187
"123",123,919.206,258.212841344956
"124",124,924.82,258.475153554466
"125",125,930.61,257.890619200217
"126",126,937.198,257.583606058519
"127",127,942.622,257.02200183141
"128",128,948.113,256.521011342658
"129",129,952.951,255.707244312307
"130",130,958.188,255.400638492041
"131",131,964.136,255.688376837998
"132",132,968.766,255.642223019184
"133",133,974.36,256.023679616797
"134",134,979.341,256.585663905687
"135",135,985.394,257.772639156093
"136",136,992.167,261.234079620855
"137",137,997.706,261.732691052466
"138",138,1003.492,263.069103638738
"139",139,1009.678,265.118928713818
"140",140,1016.861,266.611844362839
"141",141,1021.983,266.195602536574
"142",142,1026.554,266.584989526118
"143",143,1032.071,267.41202880976
"144",144,1037.198,267.67350990321
"145",145,1042.58,267.898199032851
"146",146,1048.779,269.611298745827
"147",147,1053.995,268.870337213374
"148",148,1059.313,269.366176733769
"149",149,1066.158,271.803613368624
"150",150,1073.345,272.103940672548
"151",151,1077.731,272.249316490105
"152",152,1083.172,272.152025789155
"153",153,1088.837,272.925507719165
"154",154,1094.49,274.321213230089
"155",155,1100.084,273.798785093577
"156",156,1106.6,275.875757241251
"157",157,1113.289,278.413109135217
"158",158,1118.308,277.763384256517
"159",159,1125.182,278.248236215357
"160",160,1130.266,279.412864401038
"161",161,1136.848,280.40127633763
"162",162,1142.023,280.731862904534
"163",163,1146.807,280.69072131446
"164",164,1152.217,281.342911310637
"165",165,1157.743,282.430635758614
"166",166,1162.825,283.589586248206
"167",167,1168.129,283.02174415876
"168",168,1173.884,283.54668622163
"169",169,1180.256,285.13217078895
"170",170,1185.787,285.071038739694
"171",171,1190.178,285.12746972186
"172",172,1196.696,286.229615827882
"173",173,1202.92,286.609739441532
"174",174,1208.785,288.495036631761
"175",175,1213.842,289.934977757647
"176",176,1218.429,290.430550844542
"177",177,1224.078,290.173593958221
"178",178,1228.292,289.919444018541
"179",179,1232.9,290.168864577111
"180",180,1237.048,290.078374166636
"181",181,1241.669,289.631043882697
"182",182,1247.151,289.780283683711
"183",183,1253.685,291.191604146351
"184",184,1258.081,291.474262473867
"185",185,1263.216,290.222067031768
"186",186,1267.594,289.821416768357
"187",187,1272.771,289.574854148552
"188",188,1278.896,290.018174819658
"189",189,1284.215,289.956955099909
"190",190,1288.721,289.518562716032
"191",191,1293.512,289.027325093408
"192",192,1298.852,289.605119466527
"193",193,1303.512,290.853267953928
"194",194,1309.298,291.866354972897
"195",195,1313.493,291.86896622362
"196",196,1318.568,293.701443499881
"197",197,1322.871,294.206556447773
"198",198,1328.252,295.202138879106
"199",199,1333.398,296.678546166985
"200",200,1339.278,297.921365222194
"201",201,1343.919,297.498254869925
"202",202,1349.226,299.352158232806
"203",203,1353.654,299.438360294094
"204",204,1359.025,300.251216763843
"205",205,1365.302,302.227321978259
"206",206,1371.901,302.881479112522
"207",207,1376.044,303.310852983433
"208",208,1380.963,304.95532358098
"209",209,1385.548,305.214136902872
"210",210,1391.323,305.464189459324
"211",211,1396.351,306.62461814971
"212",212,1400.934,306.067958530845
"213",213,1405.408,305.479736489027
"214",214,1411.541,306.10004501234
"215",215,1415.958,306.155534732671
"216",216,1419.757,305.471954630971
"217",217,1423.811,304.980390053717
"218",218,1428.646,304.863104025719
"219",219,1433.468,304.666228004494
"220",220,1437.978,304.192101065018
"221",221,1442.952,305.170340355403
"222",222,1447.852,306.042536471861
"223",223,1452.525,305.135617586869
"224",224,1458.268,306.108190678395
"225",225,1461.856,306.177804734622
"226",226,1467.619,306.890050901528
"227",227,1472.842,306.946368457275
"228",228,1476.507,306.604099817705
"229",229,1481.358,305.844890316861
"230",230,1486.072,305.861678185062
"231",231,1490.657,305.651298160284
"232",232,1494.941,305.322841524437
"233",233,1498.948,304.935434010078
"234",234,1504.987,306.630254449792
"235",235,1509.514,306.860103185355
"236",236,1512.997,306.560928028334
"237",237,1516.977,306.120466828357
"238",238,1521.243,305.254477849625
"239",239,1525.213,305.111157530251
"240",240,1531.235,306.66475677529
"241",241,1538.265,308.841314808645
"242",242,1542.573,308.528158026614
"243",243,1546.631,308.471634982195
"244",244,1550.683,307.991950467139
"245",245,1555.116,308.360397390259
"246",246,1560.673,309.155704007415
"247",247,1564.8,308.907526389144
"248",248,1568.685,308.907101524669
"249",249,1573.602,309.251732784523
"250",250,1578.596,310.342103178098
"251",251,1582.848,310.644247886139
"252",252,1588.063,311.649974711595
"253",253,1592.084,311.288270468599
"254",254,1596.097,310.809430508621
"255",255,1600.693,310.164376890209
"256",256,1604.405,310.026049108984
"257",257,1609.977,311.690897664155
"258",258,1613.681,311.239835937617
"259",259,1617.291,310.518040977932
"260",260,1621.786,310.36316711153
"261",261,1625.872,310.081863994621
"262",262,1631.875,312.861745579172
"263",263,1636.417,313.980373249326
"264",264,1640.508,313.947369612945
"265",265,1644.462,313.557884772657
"266",266,1649.295,314.796847236484
"267",267,1654.187,314.188848725832
"268",268,1657.782,314.552211198029
"269",269,1662.816,314.927432008441
"270",270,1667.759,315.068432306437
"271",271,1671.904,315.752051683187
"272",272,1675.56,316.153233839648
"273",273,1679.086,316.363307522137
"274",274,1683.831,317.815271794774
"275",275,1688.238,317.504406905486
"276",276,1692.199,316.792242208871
"277",277,1696.851,318.336779376974
"278",278,1700.999,317.671248338626
"279",279,1704.976,317.130274548229
"280",280,1711.422,318.599044674128
"281",281,1715.276,318.293918953603
"282",282,1718.734,318.139944471404
"283",283,1723.023,319.057782132546
"284",284,1727.065,319.641329233806
"285",285,1731.443,320.167324795749
"286",286,1735.728,320.150893502752
"287",287,1739.371,320.854064474318
"288",288,1744.573,320.881341786191
"289",289,1748.637,320.635556966771
"290",290,1752.497,321.093221429304
"291",291,1757.633,321.727625447328
"292",292,1760.737,321.868925863365
"293",293,1764.223,322.016110849514
"294",294,1769.683,322.451291432282
"295",295,1773.004,322.101703645745
"296",296,1776.466,321.803711091828
"297",297,1779.551,322.125047062387
"298",298,1783.27,321.522182148625
"299",299,1787.085,320.683188649612
"300",300,1792.536,321.874043072137
"301",301,1796.119,322.009243332846
"302",302,1799.506,321.581791793026
"303",303,1802.759,322.433242881554
"304",304,1806.707,322.137103520325
"305",305,1810.587,321.851790434675
"306",306,1814.617,322.39613455899
"307",307,1819.343,322.723088022135
"308",308,1824.313,323.449997576027
"309",309,1829.511,325.384232527911
"310",310,1833.301,325.452426140413
"311",311,1838.372,325.817440632973
"312",312,1842.9,325.415207169329
"313",313,1845.862,325.283698393326
"314",314,1849.319,324.73448188131
"315",315,1852.968,325.072254963334
"316",316,1856.578,325.457509525447
"317",317,1860.342,324.915322819659
"318",318,1864.194,324.566738794862
"319",319,1868.21,325.946610801667
"320",320,1871.587,325.560086314033
"321",321,1875.806,325.434654082933
"322",322,1879.577,325.679912608187
"323",323,1882.5,325.452471662624
"324",324,1886.84,325.834495593267
"325",325,1890.2,325.59952556945
"326",326,1893.035,325.354073354012
"327",327,1896.628,325.389141966522
"328",328,1900.568,325.198092207158
"329",329,1905.311,325.035404676619
"330",330,1909.383,324.766940862023
"331",331,1914.233,325.513117247985
"332",332,1917.546,325.349356981212
"333",333,1921.721,325.783981130689
"334",334,1925.762,325.707640105084
"335",335,1929.282,325.509026914159
"336",336,1934.047,326.647083422014
"337",337,1937.188,326.65191891696
"338",338,1940.345,326.20143984102
"339",339,1944.25,326.505870672464
"340",340,1948.763,327.117040811679
"341",341,1952.54,327.263269628059
"342",342,1955.592,327.358881616756
"343",343,1959.677,328.005817764697
"344",344,1964.409,328.874033406179
"345",345,1968.048,328.794156415976
"346",346,1971.721,328.906075294096
"347",347,1975.154,329.055657769183
"348",348,1979.577,329.50862812225
"349",349,1983.238,329.668625681545
"350",350,1986.362,329.267693784511
"351",351,1990.023,329.041597436926
"352",352,1992.977,328.927073209991
"353",353,1996.115,328.357324126183
"354",354,1999.44,328.347081921259
"355",355,2003.177,328.360418192015
"356",356,2006.817,328.366377677418
"357",357,2012.27,329.43937743294
"358",358,2015.64,329.125282911921
"359",359,2019.882,329.779457465996
"360",360,2023.337,329.927373072473
"361",361,2028.221,331.457357949917
"362",362,2033.184,331.843152742409
"363",363,2036.372,331.861147827578
"364",364,2040.125,332.412926536753
"365",365,2043.786,332.479937910715
"366",366,2047.372,332.606206352955
"367",367,2051.066,332.356315367054
"368",368,2054.127,332.599451692672
"369",369,2057.721,333.245263379038
"370",370,2060.721,332.845061543647
"371",371,2064.185,333.070891844355
"372",372,2068.855,333.092726939121
"373",373,2071.907,332.572230710322
"374",374,2075.117,332.477410570312
"375",375,2078.932,332.396833665772
"376",376,2082.986,332.108436836251
"377",377,2085.924,332.109766675298
"378",378,2089.933,331.862078204109
"379",379,2092.848,331.576268327089
"380",380,2096.265,331.885508520281
"381",381,2099.777,333.127857496848
"382",382,2103.267,333.844025773331
"383",383,2106.894,333.895050380608
"384",384,2110.373,333.222624064136
"385",385,2113.966,333.620238156062
"386",386,2117.481,333.476638323147
"387",387,2120.429,332.832881016413
"388",388,2123.099,332.841951929086
"389",389,2126.301,332.888556712588
"390",390,2129.199,332.83945905572
"391",391,2132.16,332.836413991135
"392",392,2136.59,333.342215947715
"393",393,2140.543,333.542775268681
"394",394,2143.411,332.951144379387
"395",395,2146.653,332.330597774591
"396",396,2150.269,332.819147923049
"397",397,2153.17,332.497024605291
"398",398,2156.842,332.579696148593
"399",399,2159.833,332.073283744382
"400",400,2163.802,331.961496609518
"401",401,2167.124,332.300165549197
"402",402,2170.885,332.621774723213
"403",403,2173.455,332.749807527231
"404",404,2177.52,333.050347746604
"405",405,2180.569,332.673899129707
"406",406,2183.798,332.570365853971
"407",407,2188.458,332.694321784649
"408",408,2192.369,332.875184908289
"409",409,2194.993,332.622471669699
"410",410,2198.088,332.400099401432
"411",411,2201.422,332.067060167745
"412",412,2204.405,331.48462261473
"413",413,2207.002,331.594869009086
"414",414,2209.994,331.294004898491
"415",415,2213.151,331.27305056861
"416",416,2216.062,330.692884622485
"417",417,2218.753,330.941009762983
"418",418,2221.405,330.785683098805
"419",419,2224.437,330.690326624658
"420",420,2227.275,330.51854393193
"421",421,2230.833,330.6732888138
"422",422,2233.467,330.253184809893
"423",423,2237.64,330.600531020613
"424",424,2240.857,331.083017558309
"425",425,2243.968,330.338908956803
"426",426,2247.225,330.142075726747
"427",427,2250.594,329.839399091729
"428",428,2253.665,329.552966809484
"429",429,2257.24,329.297916054016
"430",430,2261.324,330.657174716036
"431",431,2264.167,330.761228231335
"432",432,2266.648,330.384569948507
"433",433,2269.943,330.883320103209
"434",434,2273.95,331.482730018172
"435",435,2277.683,331.398423995085
"436",436,2280.781,331.552134447747
"437",437,2283.803,331.146868382353
"438",438,2286.777,330.790970156286
"439",439,2290.418,330.433226830162
"440",440,2293.976,330.376876164638
"441",441,2296.94,329.945484015803
"442",442,2301.273,330.56847094813
"443",443,2304.63,330.390979446018
"444",444,2307.89,330.57970421797
"445",445,2310.697,330.214570929046
"446",446,2313.453,329.753880056645
"447",447,2317.032,329.749188783693
"448",448,2321.047,330.621516810958
"449",449,2323.947,330.698233307214
"450",450,2326.665,330.318108537555
"451",451,2329.277,330.666382517981
"452",452,2332.523,329.732793616568
"453",453,2335.504,329.824869329813
"454",454,2338.379,329.737589966988
"455",455,2341.378,329.538542156705
"456",456,2343.998,329.551966303487
"457",457,2347.647,330.217767791446
"458",458,2350.846,330.420189736925
"459",459,2353.972,330.82077262409
"460",460,2357.886,331.168769297103
"461",461,2361.825,331.722791477139
"462",462,2365.012,331.593788084603
"463",463,2368.976,330.868262653327
"464",464,2371.456,330.745074594269
"465",465,2375.801,330.716499137557
"466",466,2378.587,330.560612822747
"467",467,2381.572,330.481519681284
"468",468,2385.452,330.965747505723
"469",469,2388.198,330.655742451293
"470",470,2390.627,330.302709269468
"471",471,2393.777,330.383111359027
"472",472,2397.113,330.42317065046
"473",473,2400.933,330.676699497546
"474",474,2404.04,330.030144526672
"475",475,2407.748,329.765303893014
"476",476,2410.537,329.905398869438
"477",477,2414.258,330.079553968355
"478",478,2417.485,330.341916136231
"479",479,2421.269,330.747769041192
"480",480,2424.359,331.038869095235
"481",481,2427.149,331.088819813665
"482",482,2430.913,331.577389150702
"483",483,2434.32,331.279331675847
"484",484,2437.216,331.062746146234
"485",485,2439.872,331.057455216847
"486",486,2442.288,330.781198463965
"487",487,2445.213,330.551772200824
"488",488,2448.44,331.152412523781
"489",489,2451.893,330.917149314916
"490",490,2454.391,330.488875782553
"491",491,2456.667,330.071193993211
"492",492,2458.93,329.543332367548
"493",493,2461.863,329.622777438706
"494",494,2464.914,330.267648011917
"495",495,2467.421,330.131753598065
"496",496,2470.619,329.749469372661
"497",497,2473.267,329.688061550504
"498",498,2475.735,329.451731241798
"499",499,2478.805,329.436466348764
"500",500,2482.375,329.500547777976
"501",501,2487.274,329.915384735367
"502",502,2489.975,329.446796260893
"503",503,2493.999,329.44646905829
"504",504,2496.626,329.36259022518
"505",505,2499.039,329.146412466914
"506",506,2501.727,328.88795319494
"507",507,2504.065,328.643090686623
"508",508,2507.681,329.442969129573
"509",509,2511.323,330.154995406691
"510",510,2514.878,330.758916095359
"511",511,2517.527,330.673646260677
"512",512,2520.607,330.483103399603
"513",513,2524.357,330.335358385989
"514",514,2527.595,330.311699450373
"515",515,2530.357,330.061773499031
"516",516,2532.765,329.801104521412
"517",517,2535.418,329.388247959598
"518",518,2539.166,329.418018139073
"519",519,2542.474,328.96177159538
"520",520,2544.921,328.933589140825
"521",521,2547.508,328.740719103059
"522",522,2551.538,328.565704202338
"523",523,2554.112,327.999040893151
"524",524,2556.995,327.777300821661
"525",525,2559.164,327.546741659831
"526",526,2561.405,327.712707403289
"527",527,2564.494,327.504844830405
"528",528,2567.082,327.22678167082
"529",529,2569.557,327.04987750093
"530",530,2571.938,327.015524569262
"531",531,2574.997,327.215912272378
"532",532,2577.248,326.873775272598
"533",533,2579.73,326.578880004303
"534",534,2582.208,326.013437602651
"535",535,2584.683,325.684532831889
"536",536,2587.172,325.648441303384
"537",537,2590.911,326.070444864318
"538",538,2593.601,325.735788028584
"539",539,2596.666,325.85764015233
"540",540,2599.837,325.621589964257
"541",541,2602.445,325.159815907318
"542",542,2605.066,325.015400642269
"543",543,2608.263,324.431971197253
"544",544,2610.415,324.48821145671
"545",545,2613.44,324.561634600664
"546",546,2618.127,325.478581750287
"547",547,2622.473,325.777731592264
"548",548,2625.508,325.618093906157
"549",549,2627.942,325.837850687947
"550",550,2630.895,325.752391542404
"551",551,2633.097,325.336341846905
"552",552,2635.689,325.050368436987
"553",553,2638.242,325.225692692301
"554",554,2640.701,324.82918526296
"555",555,2642.941,324.363785562421
"556",556,2645.83,324.241196416269
"557",557,2647.963,324.198918211597
"558",558,2650.503,323.859943886635
"559",559,2653.199,323.94260944373
"560",560,2655.38,323.546590147379
"561",561,2657.742,323.255960272741
"562",562,2661.054,323.159748897209
"563",563,2663.175,323.078860845654
"564",564,2665.786,322.954370971705
"565",565,2669.566,323.227340362101
"566",566,2671.783,323.106424684921
"567",567,2674.54,322.523353749327
"568",568,2677.724,322.822728967987
"569",569,2680.047,322.682740384332
"570",570,2682.312,322.67631251559
"571",571,2685.353,322.644600030636
"572",572,2687.523,322.223070524409
"573",573,2689.855,322.051332920757
"574",574,2692.069,321.899228567501
"575",575,2695.119,321.88881504061
"576",576,2697.798,321.623514191486
"577",577,2700.996,321.440311500997
"578",578,2703.175,321.793566552339
"579",579,2705.549,321.332148950193
"580",580,2707.964,321.045194202811
"581",581,2710.497,320.534604096693
"582",582,2712.759,320.363277465674
"583",583,2715.89,320.232341671875
"584",584,2718.763,320.308254981368
"585",585,2721.482,320.955286561807
"586",586,2724.661,321.161328116692
"587",587,2726.826,320.975530243374
"588",588,2729.585,321.351461077333
"589",589,2731.669,321.110400529675
"590",590,2734.003,320.816661539455
"591",591,2737.501,321.375992456698
"592",592,2741.036,321.489206683543
"593",593,2743.845,321.849324937871
"594",594,2746.575,322.243686312654
"595",595,2750.187,322.964595832362
"596",596,2752.403,322.953928340918
"597",597,2754.539,322.663624062728
"598",598,2756.758,322.298982421711
"599",599,2759.19,321.838369116915
"600",600,2761.411,321.619905233557
"601",601,2763.805,321.299997920423
"602",602,2766.261,321.523585908243
"603",603,2769.599,321.568005530994
"604",604,2773.086,320.955640435134
"605",605,2775.406,320.652998597408
"606",606,2778.261,321.221830427733
"607",607,2782.096,321.529332870107
"608",608,2784.755,322.32030242036
"609",609,2787.205,322.352493561172
"610",610,2789.198,322.320463634063
"611",611,2791.377,322.471612412336
"612",612,2794.907,322.582379777233
"613",613,2797.979,322.91312057958
"614",614,2801.239,322.17346821646
"615",615,2803.457,322.293010994554
"616",616,2806.014,322.242411820629
"617",617,2809.478,322.441846323116
"618",618,2811.611,322.430009133439
"619",619,2813.584,322.68905958085
"620",620,2816.234,322.769194932226
"621",621,2819.55,322.355773555779
"622",622,2822.192,322.777645670428
"623",623,2824.519,322.951248872253
"624",624,2827.316,322.91593464065
"625",625,2829.906,322.686528630744
"626",626,2832.738,322.710175255156
"627",627,2835.623,322.419917924551
"628",628,2838.276,322.171855581037
"629",629,2840.41,321.916004283437
"630",630,2842.538,321.669283090076
"631",631,2845.879,321.017261905713
"632",632,2848.012,320.571399032849
"633",633,2850.297,320.565832933337
"634",634,2853.201,320.121668247374
"635",635,2855.64,319.979714071716
"636",636,2857.949,320.181477567922
"637",637,2860.073,320.159362956464
"638",638,2863.317,320.676534768216
"639",639,2865.39,320.768980168966
"640",640,2867.764,320.527446793794
"641",641,2870.532,320.165105329533
"642",642,2873.025,320.582475345267
"643",643,2875.388,320.55335579262
"644",644,2877.403,320.433687897105
"645",645,2880.455,320.998570179147
"646",646,2883.471,321.37934570044
"647",647,2885.666,321.078934416642
"648",648,2888.474,321.278226811315
"649",649,2891.495,321.18046152259
"650",650,2894.058,321.31588278909
"651",651,2896.204,321.243468026588
"652",652,2899.731,321.326642920332
"653",653,2901.715,320.952804127768
"654",654,2904.519,320.545605373282
"655",655,2906.759,320.461421143702
"656",656,2909.058,320.403328523486
"657",657,2912.451,320.450080126145
"658",658,2914.543,320.320066645997
"659",659,2917.109,320.307630407234
"660",660,2919.293,319.703699707411
"661",661,2921.65,319.388021391235
"662",662,2924.71,318.930140209944
"663",663,2928.068,318.899278967711
"664",664,2930.327,318.654525745011
"665",665,2932.764,318.574411966749
"666",666,2936.258,318.222684787105
"667",667,2938.949,318.006189146273
"668",668,2941.844,318.148670027458
"669",669,2944.296,318.245651468608
"670",670,2946.932,317.717755166355
"671",671,2949.758,318.147083914033
"672",672,2952.018,317.848239226174
"673",673,2954.035,317.8145368841
"674",674,2956.936,317.750400819922
"675",675,2958.834,317.489218474971
"676",676,2961.136,317.521680396035
"677",677,2963.09,317.692172104092
"678",678,2965.603,317.514114022674
"679",679,2967.774,317.410485555125
"680",680,2971.332,318.055915432085
"681",681,2974.732,318.501946094001
"682",682,2977.231,317.909569112245
"683",683,2980.36,318.327621916281
"684",684,2982.258,318.307079457609
"685",685,2984.229,318.322606550086
"686",686,2986.795,317.989421596454
"687",687,2989.074,317.998801509946
"688",688,2991.261,318.13181345117
"689",689,2993.387,318.184529205343
"690",690,2995.798,318.394686470067
"691",691,2999.34,319.011493104453
"692",692,3001.955,318.515197291912
"693",693,3005.164,318.769724474018
"694",694,3007.488,318.701450373967
"695",695,3009.978,318.611633323218
"696",696,3013.174,319.333727867499
"697",697,3016.335,318.43693701871
"698",698,3018.966,317.798100177576
"699",699,3020.938,317.753384512847
"700",700,3023.009,317.675117690069
"701",701,3025.184,317.453374196572
"702",702,3027.221,317.56822532605
"703",703,3030.155,317.203349509333
"704",704,3032.277,317.180011082714
"705",705,3034.343,316.876183811385
"706",706,3036.344,316.914929810409
"707",707,3038.884,317.031325590083
"708",708,3041.245,316.899505003197
"709",709,3043.193,316.795181367927
"710",710,3045.931,316.686893994412
"711",711,3048.628,316.323280891613
"712",712,3050.38,316.048471339819
"713",713,3053.146,316.166532004828
"714",714,3056.066,316.023537921656
"715",715,3058.571,315.623299244568
"716",716,3060.587,315.437885312609
"717",717,3063.17,315.390859877858
"718",718,3065.028,315.488301025702
"719",719,3068.638,315.624152373613
"720",720,3072.532,315.536825845201
"721",721,3075.077,315.798260939817
"722",722,3076.715,315.501500744405
"723",723,3079.747,314.922722762763
"724",724,3081.967,314.549250741664
"725",725,3084.242,314.240316338328
"726",726,3086.407,314.326359714567
"727",727,3089.044,314.686029816008
"728",728,3091.415,314.68285634123
"729",729,3094.716,314.222419749249
"730",730,3097.176,314.169214467808
"731",731,3099.589,313.842127446205
"732",732,3102.09,313.847992605437
"733",733,3104.755,313.431147238208
"734",734,3106.612,313.519195172707
"735",735,3108.471,313.383605894507
"736",736,3111.319,313.438029979831
"737",737,3113.111,313.228358683699
"738",738,3114.984,312.943872941477
"739",739,3116.849,312.938941296829
"740",740,3118.68,312.662734564875
"741",741,3121.201,312.79709176976
"742",742,3123.621,312.54481217678
"743",743,3125.422,312.36250134779
"744",744,3127.566,311.867290447156
"745",745,3130.396,311.723269231831
"746",746,3132.665,311.779693617709
"747",747,3134.541,311.288346639822
"748",748,3136.839,310.764079958403
"749",749,3139.519,310.176109424723
"750",750,3141.352,309.975213087641
"751",751,3145.514,310.035284575291
"752",752,3148.214,309.81890510096
"753",753,3150.011,309.772975217618
"754",754,3151.696,309.663648430291
"755",755,3153.995,309.377583972182
"756",756,3156.63,309.404522039123
"757",757,3158.474,309.355303862772
"758",758,3160.668,309.172892818329
"759",759,3162.564,309.019366501313
"760",760,3165.531,308.954397701115
"761",761,3167.946,309.030987500016
"762",762,3170.26,309.235630345332
"763",763,3172.209,309.357536524334
"764",764,3174.183,309.149700061391
"765",765,3176.303,309.096988240162
"766",766,3179.291,309.00784483111
"767",767,3181.145,308.857518836667
"768",768,3183.66,308.541530877573
"769",769,3186.411,308.319852118235
"770",770,3189.227,307.931286406802
"771",771,3191.075,307.661653554791
"772",772,3193.831,307.761133599346
"773",773,3196.233,308.110708869263
"774",774,3198.368,307.96031258935
"775",775,3200.961,307.486424709092
"776",776,3203.353,307.497976247644
"777",777,3205.316,307.3954979113
"778",778,3207.919,306.879258533903
"779",779,3209.966,306.691262305228
"780",780,3212.059,306.8771433328
"781",781,3214.714,307.010510663165
"782",782,3216.825,307.491784561104
"783",783,3219.977,306.977787197759
"784",784,3221.853,306.783176377565
"785",785,3224.6,306.65965196312
"786",786,3226.356,306.344783520775
"787",787,3228.018,306.144207771357
"788",788,3229.937,306.011774670906
"789",789,3231.784,305.688208187075
"790",790,3234.059,305.281136153368
"791",791,3235.98,305.280041115536
"792",792,3238.512,305.166955496048
"793",793,3241.336,304.929291766103
"794",794,3243.741,305.013585281387
"795",795,3245.54,304.918027350636
"796",796,3248.212,305.179284112555
"797",797,3250.816,305.253061533501
"798",798,3253.432,305.500533472451
"799",799,3255.335,305.360721025061
"800",800,3257.393,305.114354497327
"801",801,3259.206,304.715101130313
"802",802,3262.383,304.205087146889
"803",803,3264.715,304.263915549158
"804",804,3267.006,304.064445720231
"805",805,3269.724,304.562174181138
"806",806,3271.629,304.492582983711
"807",807,3274.087,304.311526130602
"808",808,3276.4,304.739209794188
"809",809,3278.284,304.84246139649
"810",810,3281.297,304.505136523457
"811",811,3283.76,304.50331799616
"812",812,3286.156,304.26485627947
"813",813,3288.239,304.085125651753
"814",814,3291.331,304.42889546065
"815",815,3293.436,304.027582095235
"816",816,3296.364,303.515421544137
"817",817,3298.819,303.308308770415
"818",818,3301.9,303.012181904263
"819",819,3304.27,303.075069244565
"820",820,3306.693,302.56840944387
"821",821,3309.275,302.688850000979
"822",822,3311.074,302.477111409982
"823",823,3312.906,302.342746399348
"824",824,3314.678,302.18357869221
"825",825,3317.779,302.808165253092
"826",826,3319.569,302.584514851021
"827",827,3321.297,302.442176392548
"828",828,3322.885,301.977542561051
"829",829,3325.251,302.189100152953
"830",830,3327.177,301.894365430822
"831",831,3329.465,301.392671306582
"832",832,3331.399,301.229342720652
"833",833,3333.536,300.84295103124
"834",834,3335.402,300.783352300324
"835",835,3337.256,300.655993604802
"836",836,3338.92,300.634130598108
"837",837,3340.867,300.231847866734
"838",838,3342.79,300.113495214744
"839",839,3345.177,299.892292428562
"840",840,3347.087,299.660270487612
"841",841,3349.496,299.500558544669
"842",842,3351.372,299.393299798048
"843",843,3353.154,299.537739093326
"844",844,3355.535,299.540226216984
"845",845,3357.892,299.328735720492
"846",846,3360.298,299.116622657367
"847",847,3363.502,299.133838020791
"848",848,3365.214,299.119606082154
"849",849,3367.46,298.80831449076
"850",850,3369.621,298.857901693103
"851",851,3371.493,298.812648577583
"852",852,3373.931,298.777908282185
"853",853,3375.776,298.457445326249
"854",854,3378.532,298.120238582778
"855",855,3380.413,297.881472741765
"856",856,3382.262,297.749976329813
"857",857,3384.744,297.626931332254
"858",858,3386.525,297.331850975647
"859",859,3389.496,296.91796217181
"860",860,3391.799,296.512850428897
"861",861,3394.148,296.256365214201
"862",862,3396.235,295.946187542467
"863",863,3397.915,296.008535059089
"864",864,3399.565,295.896438771198
"865",865,3401.179,295.929530878968
"866",866,3403.469,295.643877564446
"867",867,3405.117,295.653348050066
"868",868,3406.867,295.483759220305
"869",869,3408.635,295.488929543024
"870",870,3410.633,295.66609672357
"871",871,3413.238,295.864450600489
"872",872,3415.106,295.417840464087
"873",873,3416.722,295.174040915576
"874",874,3418.737,295.334343084588
"875",875,3421.635,295.073099263401
"876",876,3423.637,295.045567867267
"877",877,3425.153,294.913854833531
"878",878,3427.388,294.738664474711
"879",879,3429.285,294.297993680018
"880",880,3431.691,293.742274865303
"881",881,3434.128,293.964182438195
"882",882,3436.373,293.789704144412
"883",883,3438.21,293.442188886019
"884",884,3439.974,293.173214768774
"885",885,3442.591,293.052851364208
"886",886,3444.379,292.836487766753
"887",887,3446.841,292.975173301717
"888",888,3449.323,292.563025337781
"889",889,3452.061,291.844877823325
"890",890,3453.971,291.774478845401
"891",891,3456.638,292.001616262479
"892",892,3459.083,291.643130944013
"893",893,3460.691,291.604318551008
"894",894,3462.278,291.451681756683
"895",895,3464.386,291.340227452599
"896",896,3466.609,291.024231331726
"897",897,3468.927,291.037613657691
"898",898,3471.263,290.880847596569
"899",899,3473.674,290.125045913424
"900",900,3476.022,289.949616823848
"901",901,3477.657,289.838240328216
"902",902,3480.216,289.062855930468
"903",903,3482.576,288.638182200873
"904",904,3484.958,288.974168925713
"905",905,3486.75,288.82241583348
"906",906,3488.194,288.975828389492
"907",907,3489.994,288.859921100207
"908",908,3492.633,288.549037180611
"909",909,3495.295,288.566173366546
"910",910,3497.508,287.98369492828
"911",911,3499.896,287.702300647384
"912",912,3501.365,287.949774870285
"913",913,3503.119,287.887742342725
"914",914,3504.926,287.898520458307
"915",915,3507.731,287.458851368731
"916",916,3509.338,287.195590256994
"917",917,3512.112,285.901653040361
"918",918,3513.593,285.698310943337
"919",919,3515.032,285.535261152386
"920",920,3516.611,285.528513832176
"921",921,3518.438,285.459274071019
"922",922,3520.057,285.623364691087
"923",923,3521.946,285.283219975518
"924",924,3523.738,284.962307810828
"925",925,3525.521,284.715416560866
"926",926,3527.517,284.787042139158
"927",927,3529.261,284.771855858139
"928",928,3531.664,283.945928645569
"929",929,3533.475,283.519023015055
"930",930,3535.031,283.317879880639
"931",931,3536.91,282.696294802559
"932",932,3538.631,282.879914247875
"933",933,3540.773,282.604052556791
"934",934,3543.535,281.932851771318
"935",935,3546.342,281.677093532685
"936",936,3549.573,281.426938640907
"937",937,3551.508,281.29206380764
"938",938,3553.129,280.921909929572
"939",939,3554.627,280.759587221553
"940",940,3556.293,280.886557900889
"941",941,3558.157,280.971744971754
"942",942,3559.933,280.887255248723
"943",943,3561.672,280.830504376195
"944",944,3563.788,280.340635527438
"945",945,3566.142,280.162550835923
"946",946,3568.212,280.255237335637
"947",947,3569.909,280.057209797855
"948",948,3571.466,279.917839447294
"949",949,3573.822,279.624101167896
"950",950,3575.355,279.349578775702
"951",951,3577.058,279.111988524567
"952",952,3579.228,279.127594892068
"953",953,3580.84,278.846556015673
"954",954,3582.803,278.585347760766
"955",955,3584.451,278.539947047279
"956",956,3586.542,277.985917640456
"957",957,3588.495,277.980530163805
"958",958,3590.496,277.231999533902
"959",959,3592.615,276.586972086771
"960",960,3594.378,276.501613482197
"961",961,3596.39,276.259228010688
"962",962,3598.027,276.213171277162
"963",963,3599.669,276.018215874414
"964",964,3601.255,275.880459625184
"965",965,3603.46,275.722820008561
"966",966,3605.088,275.490121534445
"967",967,3606.816,275.611436279063
"968",968,3608.381,275.541236136829
"969",969,3610.812,275.090627811108
"970",970,3612.805,274.878812090594
"971",971,3614.629,274.788289348296
"972",972,3616.845,274.853490820867
"973",973,3618.376,274.68981254702
"974",974,3620.522,274.541502422771
"975",975,3622.028,274.211592047479
"976",976,3624.064,273.796659063829
"977",977,3625.813,273.564174168308
"978",978,3627.961,273.60033373814
"979",979,3630.698,274.032893687643
"980",980,3632.324,273.997141330813
"981",981,3634.251,274.138059515046
"982",982,3637.677,273.461009276633
"983",983,3640.028,272.976235671242
"984",984,3641.58,272.900759296167
"985",985,3643.526,272.830063533269
"986",986,3645.21,272.451282987623
"987",987,3646.655,272.372378716506
"988",988,3648.946,272.396286356516
"989",989,3651.08,272.169851431102
"990",990,3652.86,272.269835389937
"991",991,3654.472,272.203214172437
"992",992,3656.229,272.001863178495
"993",993,3657.729,272.115509314352
"994",994,3659.947,271.852202144494
"995",995,3661.381,271.643151654594
"996",996,3663.009,271.407706342436
"997",997,3665.54,270.617886401547
"998",998,3667.256,270.558138244205
"999",999,3669.233,270.468752459609
"1000",1000,3671.108,270.496348608647
"1001",1001,3673.234,270.105576148043
"1002",1002,3675.442,269.798891914103
"1003",1003,3677.055,269.656831513281
"1004",1004,3679.113,269.372485170195
"1005",1005,3680.829,269.150741928907
"1006",1006,3683.381,268.582718199655
"1007",1007,3684.963,268.444187705588
"1008",1008,3686.658,268.54254809273
"1009",1009,3689.386,268.49668801584
"1010",1010,3691.122,268.220150557644
"1011",1011,3694.217,267.969318143825
"1012",1012,3695.769,267.642949444568
"1013",1013,3697.526,267.728911576793
"1014",1014,3699.581,266.805312003928
"1015",1015,3702.476,266.398602923588
"1016",1016,3704.456,266.386515874659
"1017",1017,3705.986,266.383866193447
"1018",1018,3707.526,266.200808026937
"1019",1019,3709.113,265.930990150683
"1020",1020,3711.41,266.351592957638
"1021",1021,3714.515,265.675733499261
"1022",1022,3716.201,265.269188450791
"1023",1023,3719.548,264.566292295559
"1024",1024,3721.008,264.760987149384
"1025",1025,3722.567,264.593074372717
"1026",1026,3724.332,264.523818637617
"1027",1027,3726.018,264.282066524928
"1028",1028,3727.526,264.236307403336
"1029",1029,3729.029,264.023249800913
"1030",1030,3730.471,263.934272991325
"1031",1031,3732.735,263.532522025584
"1032",1032,3734.818,263.393616234473
"1033",1033,3736.402,263.473992911902
"1034",1034,3738.163,263.626955379382
"1035",1035,3740.22,263.263672695952
"1036",1036,3741.863,263.303997740684
"1037",1037,3743.489,263.116898699763
"1038",1038,3744.888,262.844868469751
"1039",1039,3746.664,262.53622297194
"1040",1040,3748.625,262.595850987703
"1041",1041,3751.371,262.24067100381
"1042",1042,3752.763,261.973072512657
"1043",1043,3754.465,262.06173533755
"1044",1044,3756.255,261.484225097758
"1045",1045,3757.616,261.495396491767
"1046",1046,3759.283,261.479640724691
"1047",1047,3761.032,261.262421769816
"1048",1048,3762.456,261.13528620564
"1049",1049,3763.993,260.743260697183
"1050",1050,3765.441,260.431751551565
"1051",1051,3767.771,259.639683647019
"1052",1052,3769.464,259.493208831039
"1053",1053,3771.601,259.135715635877
"1054",1054,3773.893,258.806441815743
"1055",1055,3776.15,258.742565526461
"1056",1056,3777.585,258.695469850404
"1057",1057,3779.578,258.559279115674
"1058",1058,3781.085,258.593593156175
"1059",1059,3782.407,258.56125245727
"1060",1060,3784.933,257.836436794994
"1061",1061,3787.305,257.637678044474
"1062",1062,3788.908,257.372520192328
"1063",1063,3790.888,257.148713620965
"1064",1064,3792.926,256.861410702948
"1065",1065,3795.028,256.696127976481
"1066",1066,3798.067,255.967720591845
"1067",1067,3799.489,255.687203091639
"1068",1068,3801.134,255.364137824572
"1069",1069,3803.214,255.138358123168
"1070",1070,3805.187,254.933130314465
"1071",1071,3806.927,254.842536460045
"1072",1072,3808.294,254.553977166516
"1073",1073,3810.531,254.34519952128
"1074",1074,3812.158,254.299751080097
"1075",1075,3813.711,254.058672924756
"1076",1076,3815.133,253.8022870502
"1077",1077,3816.61,253.63857045888
"1078",1078,3818.68,253.200537345623
"1079",1079,3820.706,253.076437558393
"1080",1080,3822.479,252.946447819424
"1081",1081,3824.63,252.644295879088
"1082",1082,3826.038,252.699282712641
"1083",1083,3827.95,251.958295125369
"1084",1084,3829.823,252.017178639333
"1085",1085,3831.311,252.161003032686
"1086",1086,3833.042,251.917678523665
"1087",1087,3835.164,251.732088038351
"1088",1088,3836.54,251.617204534224
"1089",1089,3837.906,251.492520070979
"1090",1090,3839.945,251.518419783702
"1091",1091,3841.734,251.420602901917
"1092",1092,3843.715,250.754584477805
"1093",1093,3845.226,250.828051931269
"1094",1094,3846.712,250.86061888249
"1095",1095,3847.996,250.801130761389
"1096",1096,3850.725,250.829469556107
"1097",1097,3852.737,250.183319836724
"1098",1098,3854.259,250.028290529422
"1099",1099,3855.763,250.212439930744
"1100",1100,3856.963,250.183591509236
"1101",1101,3859.012,249.973315604915
"1102",1102,3860.425,249.56084025341
"1103",1103,3862.075,249.580154717134
"1104",1104,3863.423,249.466991505591
"1105",1105,3865.444,248.880176402634
"1106",1106,3866.978,248.570176506854
"1107",1107,3868.572,248.386289002764
"1108",1108,3871.526,247.616577177889
"1109",1109,3872.876,247.457114764655
"1110",1110,3874.135,247.497959617883
"1111",1111,3875.576,247.278257759878
"1112",1112,3876.995,247.167466976809
"1113",1113,3878.466,247.265268400067
"1114",1114,3879.695,247.431219095698
"1115",1115,3882.095,246.772710699027
"1116",1116,3883.653,246.615177222807
"1117",1117,3885.848,246.08713044727
"1118",1118,3887.511,245.702302595032
"1119",1119,3888.974,245.63524583821
"1120",1120,3890.69,244.92070972879
"1121",1121,3893.252,244.849704663644
"1122",1122,3894.883,244.583548963178
"1123",1123,3897.153,244.537359336178
"1124",1124,3898.923,244.295426331166
"1125",1125,3900.297,244.328613269634
"1126",1126,3902.348,244.000896173218
"1127",1127,3904.162,243.457312930253
"1128",1128,3906.034,243.419617027786
"1129",1129,3907.666,242.986635329906
"1130",1130,3910.144,242.74934914539
"1131",1131,3912.176,242.605359348025
"1132",1132,3914.928,241.652541403493
"1133",1133,3916.743,241.120135764044
"1134",1134,3918.13,241.010205217578
"1135",1135,3920.301,240.673996043136
"1136",1136,3921.515,240.614411600947
"1137",1137,3923.17,240.354257855502
"1138",1138,3925.225,240.168560207851
"1139",1139,3928.284,239.797310439659
"1140",1140,3931.278,238.254481414126
"1141",1141,3933.779,237.69085616006
"1142",1142,3935.866,237.272869200123
"1143",1143,3937.816,236.55118390447
"1144",1144,3939.744,236.236966557667
"1145",1145,3941.63,236.321592316477
"1146",1146,3943.656,235.74319187734
"1147",1147,3946.011,235.480104804543
"1148",1148,3948.076,235.305556519452
"1149",1149,3950.021,235.180867843453
"1150",1150,3951.75,234.789368472143
"1151",1151,3953.241,234.459301549508
"1152",1152,3955.024,234.114640911433
"1153",1153,3956.753,234.069790143149
"1154",1154,3958.654,233.704317444056
"1155",1155,3960.138,233.701453408671
"1156",1156,3961.396,233.606445020584
"1157",1157,3962.926,233.659207285202
"1158",1158,3964.867,233.600201980575
"1159",1159,3966.194,233.264126081394
"1160",1160,3968.116,232.870851283232
"1161",1161,3970.14,232.53531575456
"1162",1162,3971.896,232.218247557117
"1163",1163,3973.756,231.779153592466
"1164",1164,3975.561,231.553962428883
"1165",1165,3977.518,231.607425778354
"1166",1166,3979.465,231.298412728516
"1167",1167,3980.868,231.02874898778
"1168",1168,3982.404,231.0916790976
"1169",1169,3983.949,231.022084664221
"1170",1170,3986.093,230.432288081316
"1171",1171,3987.799,230.230290330325
"1172",1172,3989.925,229.798748560213
"1173",1173,3991.81,229.768804678972
"1174",1174,3993.797,229.338343647256
"1175",1175,3995.326,228.63884938358
"1176",1176,3997.746,228.08584049571
"1177",1177,3999.693,227.85148463429
"1178",1178,4001.542,227.768471726692
"1179",1179,4004.023,226.838264120208
"1180",1180,4005.448,226.678871107579
"1181",1181,4007.914,225.914922384857
"1182",1182,4009.367,225.858961703054
"1183",1183,4010.758,225.760951990027
"1184",1184,4012.295,225.447600554088
"1185",1185,4013.858,225.313488286884
"1186",1186,4015.805,224.651541927249
"1187",1187,4018.745,224.127434916126
"1188",1188,4020.039,224.178655425865
"1189",1189,4021.505,224.066319849036
"1190",1190,4023.355,223.48175556423
"1191",1191,4024.819,223.365786353939
"1192",1192,4026.39,223.034984933989
"1193",1193,4027.804,222.804945249489
"1194",1194,4029.588,222.608492193799
"1195",1195,4031.53,222.105542416149
"1196",1196,4033.374,221.734219705007
"1197",1197,4034.675,221.705834050103
"1198",1198,4036.172,221.790146952666
"1199",1199,4038.427,221.632853595293
"1200",1200,4039.712,221.242317876168
"1201",1201,4041.232,221.337119110863
"1202",1202,4042.766,221.187153788372
"1203",1203,4044.592,220.506037215421
"1204",1204,4046.442,220.329929682542
"1205",1205,4048.198,219.810116426163
"1206",1206,4050.51,219.307062101264
"1207",1207,4051.967,219.458118502772
"1208",1208,4053.675,219.250131117395
"1209",1209,4055.132,218.908239665375
"1210",1210,4057.093,218.700640879997
"1211",1211,4058.536,218.64299545941
"1212",1212,4060.786,217.572300419676
"1213",1213,4063.418,216.513924622772
"1214",1214,4064.834,216.580390408526
"1215",1215,4067.28,215.933858000618
"1216",1216,4068.682,215.753146666037
"1217",1217,4071.264,214.967814952531
"1218",1218,4072.616,215.054795596632
"1219",1219,4074.019,214.983782331751
"1220",1220,4075.876,214.549229772554
"1221",1221,4077.03,214.57388249983
"1222",1222,4078.809,214.370107669101
"1223",1223,4080.074,214.311861776473
"1224",1224,4081.356,214.319640192336
"1225",1225,4083.068,214.099799392947
"1226",1226,4084.353,213.694599306517
"1227",1227,4085.712,213.661906914795
"1228",1228,4087.454,213.3390527668
"1229",1229,4089.054,213.068621156005
"1230",1230,4091.307,212.829954048626
"1231",1231,4092.842,212.651898335909
"1232",1232,4094.481,212.650906527687
"1233",1233,4095.946,212.610767418827
"1234",1234,4098.506,212.347171597093
"1235",1235,4100.424,211.862152815919
"1236",1236,4102.037,211.828092499016
"1237",1237,4103.437,211.789283798146
"1238",1238,4105.665,211.436629331872
"1239",1239,4106.738,211.27452823822
"1240",1240,4108.777,210.825735529991
"1241",1241,4110.508,210.20371913822
"1242",1242,4112.037,210.240749627192
"1243",1243,4114.134,209.600984293053
"1244",1244,4115.382,209.44366479969
"1245",1245,4116.952,209.375671623682
"1246",1246,4118.647,209.028834002499
"1247",1247,4120.488,208.451884242009
"1248",1248,4121.771,208.320291625427
"1249",1249,4122.906,208.246598555198
"1250",1250,4124.765,208.298189888705
"1251",1251,4126.49,208.216195056686
"1252",1252,4128.436,207.849077802003
"1253",1253,4129.833,207.747886379851
"1254",1254,4131.2,207.636685084773
"1255",1255,4132.565,207.586695168575
"1256",1256,4134.672,206.631655505774
"1257",1257,4136.719,205.815684861808
"1258",1258,4138.655,205.048586676178
"1259",1259,4140.009,205.138633069877
"1260",1260,4141.703,205.060260658913
"1261",1261,4143.332,204.690678952536
"1262",1262,4145.219,203.91410937697
"1263",1263,4146.594,203.650216239941
"1264",1264,4147.811,203.589754327341
"1265",1265,4149.402,203.417307515848
"1266",1266,4150.628,203.428470865704
"1267",1267,4152.652,202.928866899268
"1268",1268,4154.77,201.89819211667
"1269",1269,4155.922,201.722333458187
"1270",1270,4157.053,201.526094980174
"1271",1271,4158.196,201.307218400583
"1272",1272,4159.599,201.307229874637
"1273",1273,4160.612,201.190330296973
"1274",1274,4162.041,200.984925452779
"1275",1275,4163.394,200.981029299131
"1276",1276,4164.947,201.220679734845
"1277",1277,4166.307,201.327736808937
"1278",1278,4167.616,201.407357034115
"1279",1279,4168.843,201.16692691266
"1280",1280,4170.296,201.263656538987
"1281",1281,4171.774,201.176685982703
"1282",1282,4173.367,200.953792543803
"1283",1283,4174.76,200.711398444297
"1284",1284,4176.968,200.047314163185
"1285",1285,4178.222,199.915619627309
"1286",1286,4179.844,199.695939197902
"1287",1287,4181.23,199.728903103018
"1288",1288,4183.124,199.709009091509
"1289",1289,4185.064,199.117250843777
"1290",1290,4186.277,199.153399035385
"1291",1291,4188.041,198.679452495329
"1292",1292,4189.367,198.654141106544
"1293",1293,4191.213,198.181435842292
"1294",1294,4192.642,198.111529230416
"1295",1295,4194.908,197.650193865665
"1296",1296,4196.68,197.539599811009
"1297",1297,4198.494,197.036040269706
"1298",1298,4199.623,197.090053935657
"1299",1299,4201.412,196.617686820822
"1300",1300,4202.868,196.403143484952
"1301",1301,4204.177,196.340768482678
"1302",1302,4205.498,196.089410864159
"1303",1303,4207.883,195.895391255934
"1304",1304,4209.943,195.56287118875
"1305",1305,4211.761,195.073354132471
"1306",1306,4213.149,195.053101773623
"1307",1307,4215.314,194.347478363745
"1308",1308,4217.313,194.250071096824
"1309",1309,4219.143,193.500100361317
"1310",1310,4220.778,192.822444780713
"1311",1311,4222.107,192.884525016889
"1312",1312,4224.152,192.123075584824
"1313",1313,4226.383,191.244112645649
"1314",1314,4228.114,190.631254728282
"1315",1315,4229.471,190.628445839973
"1316",1316,4231.274,189.959009655634
"1317",1317,4232.608,189.883221939101
"1318",1318,4234.685,189.695630437834
"1319",1319,4236.144,189.459584603678
"1320",1320,4237.521,189.382542242695
"1321",1321,4239.24,189.14016602087
"1322",1322,4241.749,188.119065439369
"1323",1323,4243.646,187.823396605195
"1324",1324,4245.112,187.674289914988
"1325",1325,4246.391,187.661682359575
"1326",1326,4247.67,187.403482265312
"1327",1327,4248.965,187.312331907658
"1328",1328,4250.461,187.475880274463
"1329",1329,4251.732,187.239319425004
"1330",1330,4252.932,187.236360867303
"1331",1331,4254.392,186.984008287755
"1332",1332,4256.091,186.821355679531
"1333",1333,4257.735,186.602334407172
"1334",1334,4258.837,186.618962241429
"1335",1335,4260.606,185.691119755243
"1336",1336,4262.557,185.062564836608
"1337",1337,4264.891,184.266294221668
"1338",1338,4266.304,183.909478494939
"1339",1339,4267.428,183.996868624615
"1340",1340,4268.525,184.109319744049
"1341",1341,4270.051,184.04815163734
"1342",1342,4271.974,183.692711712622
"1343",1343,4274.02,182.475255360333
"1344",1344,4275.623,182.014956295672
"1345",1345,4277.016,181.842355864596
"1346",1346,4278.939,181.446013830381
"1347",1347,4280.056,181.382376295026
"1348",1348,4281.74,181.064482289451
"1349",1349,4283.487,181.061943152774
"1350",1350,4285.159,180.431469633859
"1351",1351,4286.955,179.850051476267
"1352",1352,4288.25,179.768830258008
"1353",1353,4289.61,179.699025149386
"1354",1354,4292.291,178.233345489682
"1355",1355,4293.359,178.281379760673
"1356",1356,4295.258,177.712033928496
"1357",1357,4296.435,177.776827442092
"1358",1358,4297.858,177.821473147402
"1359",1359,4299.207,177.502589615815
"1360",1360,4301.047,176.92117423557
"1361",1361,4303.242,176.471668223785
"1362",1362,4305.088,176.101027333255
"1363",1363,4306.691,175.499132375247
"1364",1364,4308.394,174.558527272212
"1365",1365,4309.549,174.450309571263
"1366",1366,4310.892,174.221937825349
"1367",1367,4312.485,173.639951070045
"1368",1368,4313.788,173.429480887307
"1369",1369,4315.252,172.929624851126
"1370",1370,4316.498,172.908395716661
"1371",1371,4317.551,172.744290756566
"1372",1372,4319.064,172.63348523454
"1373",1373,4320.648,172.442327902555
"1374",1374,4321.667,172.434415760714
"1375",1375,4322.814,172.361608045202
"1376",1376,4323.853,172.297654867595
"1377",1377,4324.968,172.367100670033
"1378",1378,4326.321,172.175987087426
"1379",1379,4327.681,171.950627382564
"1380",1380,4328.883,171.858845491798
"1381",1381,4330.965,170.791127944002
"1382",1382,4332.485,170.48434146773
"1383",1383,4334.227,170.048828502507
"1384",1384,4335.476,169.89693461741
"1385",1385,4336.717,169.715698535313
"1386",1386,4338.469,169.146231073845
"1387",1387,4340.395,168.148966842054
"1388",1388,4342.181,167.41078403021
"1389",1389,4343.684,166.92274664451
"1390",1390,4345.163,166.661592808654
"1391",1391,4346.539,166.505966006374
"1392",1392,4347.881,166.494412003011
"1393",1393,4349.117,166.310741004824
"1394",1394,4350.344,166.266413277559
"1395",1395,4351.816,166.494987085872
"1396",1396,4353.15,166.354553100711
"1397",1397,4355.655,164.875844255667
"1398",1398,4357.31,164.604381784029
"1399",1399,4358.582,164.619667448671
"1400",1400,4360.114,163.950122435595
"1401",1401,4361.369,163.831185970488
"1402",1402,4363.18,163.659114949049
"1403",1403,4364.32,163.484754227619
"1404",1404,4365.536,163.453172632542
"1405",1405,4366.723,163.299991298708
"1406",1406,4368.053,163.365119757411
"1407",1407,4369.204,163.357945023198
"1408",1408,4370.945,162.26015016427
"1409",1409,4372.803,161.635126458035
"1410",1410,4374.809,160.464548702791
"1411",1411,4375.936,160.343374986003
"1412",1412,4377.18,159.952800846057
"1413",1413,4378.4,159.791136197247
"1414",1414,4380.499,158.746434383357
"1415",1415,4382.059,157.943932472269
"1416",1416,4383.744,157.45636529201
"1417",1417,4385.876,156.117504781813
"1418",1418,4387.157,156.292333927946
"1419",1419,4389.533,155.748561873057
"1420",1420,4390.764,155.703307042027
"1421",1421,4392.635,154.926957425547
"1422",1422,4393.947,155.050045816529
"1423",1423,4395.711,154.448936393078
"1424",1424,4397.214,153.752841079897
"1425",1425,4399.289,152.975085735736
"1426",1426,4400.789,152.413399421847
"1427",1427,4402.275,151.951290121438
"1428",1428,4403.432,151.772646785619
"1429",1429,4404.48,151.588735547021
"1430",1430,4405.918,150.961958084773
"1431",1431,4407.297,150.730768443459
"1432",1432,4409.049,150.095000276852
"1433",1433,4410.753,149.329123677125
"1434",1434,4412.143,149.448584571519
"1435",1435,4413.557,149.011070226511
"1436",1436,4415.288,147.976640528639
"1437",1437,4416.403,147.764024030878
"1438",1438,4417.657,147.816193219748
"1439",1439,4418.837,147.852097292104
"1440",1440,4420.699,146.788177889666
"1441",1441,4421.691,146.799930990238
"1442",1442,4422.835,146.903650252325
"1443",1443,4424.605,146.597536857932
"1444",1444,4425.747,146.443130878787
"1445",1445,4427.015,146.474966088717
"1446",1446,4428.317,146.47821127177
"1447",1447,4429.952,145.473262719189
"1448",1448,4431.435,144.601810011004
"1449",1449,4432.648,144.622549340612
"1450",1450,4433.659,144.644483979673
"1451",1451,4434.868,144.459063395126
"1452",1452,4436.039,144.328223556985
"1453",1453,4436.979,144.100477121023
"1454",1454,4438.143,144.205130528254
"1455",1455,4439.495,143.988724307592
"1456",1456,4441.106,143.394898308346
"1457",1457,4442.513,142.908434501437
"1458",1458,4443.742,142.702478722107
"1459",1459,4445.486,142.191054922945
"1460",1460,4446.979,142.108526810999
"1461",1461,4449.024,141.274633058968
"1462",1462,4450.649,140.226935331242
"1463",1463,4452.039,140.139482493527
"1464",1464,4453.24,140.101066051293
"1465",1465,4454.504,140.069545089079
"1466",1466,4456.043,139.826394402386
"1467",1467,4457.079,139.72571715699
"1468",1468,4458.359,139.714201773396
"1469",1469,4460.243,139.001134046691
"1470",1470,4461.964,138.590129258645
"1471",1471,4463.472,138.014576183964
"1472",1472,4464.971,138.096672117216
"1473",1473,4466.333,138.146699640714
"1474",1474,4467.512,137.872523327488
"1475",1475,4469.261,137.351739629971
"1476",1476,4470.547,137.211226624179
"1477",1477,4471.614,137.059499161168
"1478",1478,4472.94,136.797214437568
"1479",1479,4474.19,136.617137073437
"1480",1480,4475.72,135.830016540503
"1481",1481,4477.203,135.241406488653
"1482",1482,4478.446,135.192544572946
"1483",1483,4479.653,135.141739965419
"1484",1484,4480.874,135.046672405238
"1485",1485,4482.859,133.638903300931
"1486",1486,4484.478,132.757214470604
"1487",1487,4485.902,132.040717762163
"1488",1488,4487.164,132.145001439348
"1489",1489,4488.462,132.041969228112
"1490",1490,4489.774,131.965600986938
"1491",1491,4491.348,131.366548504808
"1492",1492,4493.113,130.925282740427
"1493",1493,4494.634,130.368262732645
"1494",1494,4495.666,130.290944329121
"1495",1495,4497.048,130.119932727053
"1496",1496,4498.514,129.452724234802
"1497",1497,4500.134,128.896114186007
"1498",1498,4501.924,127.805831457546
"1499",1499,4503.69,127.09344847255
"1500",1500,4505.775,125.785167183111
"1501",1501,4507.804,124.322675774421
"1502",1502,4509.453,123.829421045713
"1503",1503,4510.951,122.725792803384
"1504",1504,4512.045,122.633918852221
"1505",1505,4513.214,122.47591009073
"1506",1506,4514.617,121.805512575966
"1507",1507,4515.985,121.432873299275
"1508",1508,4517.103,121.309770634733
"1509",1509,4518.604,120.68110503767
"1510",1510,4519.908,120.481456321366
"1511",1511,4521.21,120.567210933787
"1512",1512,4523.091,119.223844276403
"1513",1513,4524.615,119.037005101706
"1514",1514,4525.772,119.002224960484
"1515",1515,4527.348,118.451465358794
"1516",1516,4529.46,117.35524126622
"1517",1517,4531.121,116.748029796915
"1518",1518,4533.069,115.788190866531
"1519",1519,4534.368,115.860563809461
"1520",1520,4535.96,115.316982298387
"1521",1521,4537.094,114.93464724415
"1522",1522,4538.372,114.909058423206
"1523",1523,4539.895,114.027620659528
"1524",1524,4541.013,113.900272620846
"1525",1525,4542.191,113.878781587686
"1526",1526,4543.537,113.575657872015
"1527",1527,4545.235,112.865559004549
"1528",1528,4546.407,112.741083474051
"1529",1529,4547.444,112.561543010768
"1530",1530,4548.905,112.336126781995
"1531",1531,4550.649,111.232965309622
"1532",1532,4551.574,111.345922414961
"1533",1533,4552.671,111.273152527793
"1534",1534,4554.298,110.631779279674
"1535",1535,4555.447,110.661923226791
"1536",1536,4556.591,110.518849682464
"1537",1537,4558.221,109.74031663931
"1538",1538,4560.266,107.753366685371
"1539",1539,4562.434,106.656548149953
"1540",1540,4563.663,106.231872061268
"1541",1541,4565.748,104.574051409651
"1542",1542,4567.052,104.465584545124
"1543",1543,4568.2,104.269679994551
"1544",1544,4569.313,104.102672383553
"1545",1545,4570.615,104.048415883414
"1546",1546,4571.696,104.096665170887
"1547",1547,4572.624,104.040141171449
"1548",1548,4574.584,102.508365067973
"1549",1549,4575.884,102.471864563045
"1550",1550,4577.115,101.785333074216
"1551",1551,4578.366,101.711706874456
"1552",1552,4579.752,100.509445549384
"1553",1553,4581.365,99.8253719245758
"1554",1554,4582.899,98.803456022155
"1555",1555,4585.347,96.7234201784191
"1556",1556,4587.091,95.8581112712769
"1557",1557,4588.183,95.7599994177553
"1558",1558,4589.281,95.6488616960168
"1559",1559,4590.801,94.5867223612651
"1560",1560,4592.868,92.5188213733201
"1561",1561,4594.309,91.3387775881158
"1562",1562,4595.557,90.9603129366293
"1563",1563,4597.066,90.0948096103139
"1564",1564,4598.169,89.9288476332074
"1565",1565,4599.083,89.9813800725448
"1566",1566,4600.487,89.6849330613466
"1567",1567,4601.533,89.4802079714761
"1568",1568,4603.251,88.4588207131542
"1569",1569,4604.194,88.3939129569896
"1570",1570,4605.34,87.9188154954224
"1571",1571,4606.4,87.9490707116286
"1572",1572,4607.53,87.7668851340078
"1573",1573,4608.634,87.6684995298186
"1574",1574,4610.589,85.713014179877
"1575",1575,4612.156,84.665967129597
"1576",1576,4613.367,84.3596518595345
"1577",1577,4614.963,83.4661142214206
"1578",1578,4616.192,83.1705264650433
"1579",1579,4617.303,82.9178301546631
"1580",1580,4618.783,81.6144891292952
"1581",1581,4620.184,81.5299041411755
"1582",1582,4621.13,81.5390072892092
"1583",1583,4622.324,80.9135713587655
"1584",1584,4623.388,80.8740630243718
"1585",1585,4624.555,80.7360469944144
"1586",1586,4625.7,80.6819780470309
"1587",1587,4626.8,80.5787995873787
"1588",1588,4628.417,79.2533545359766
"1589",1589,4629.564,79.2245064763828
"1590",1590,4631.531,77.6000825502899
"1591",1591,4633.043,77.3643095192311
"1592",1592,4634.776,75.1328074995389
"1593",1593,4635.95,75.0101861618009
"1594",1594,4637.604,73.6237709143157
"1595",1595,4638.554,73.5198766066447
"1596",1596,4639.449,73.4806287520854
"1597",1597,4640.563,73.3907639641068
"1598",1598,4641.883,72.3645074116651
"1599",1599,4643.371,71.2433363338072
"1600",1600,4644.521,71.1097331815635
"1601",1601,4645.89,70.9503760092634
"1602",1602,4647.684,69.4589280559863
"1603",1603,4648.761,69.219948571783
"1604",1604,4650.393,67.975298397228
"1605",1605,4651.524,67.7918517165534
"1606",1606,4652.78,67.6033565277185
"1607",1607,4653.793,67.6044267005461
"1608",1608,4654.843,67.4066763088866
"1609",1609,4656.059,67.2631686203739
"1610",1610,4657.224,67.1986866500193
"1611",1611,4658.357,67.0754251843674
"1612",1612,4659.472,67.0496746813501
"1613",1613,4660.974,65.7316207769896
"1614",1614,4662.928,63.3257211799673
"1615",1615,4664.648,59.6511051896807
"1616",1616,4665.791,59.4760179880573
"1617",1617,4667.272,58.256483191434
"1618",1618,4669.169,55.6664278554875
"1619",1619,4671.109,52.5503249814466
"1620",1620,4672.223,52.4567343625199
"1621",1621,4673.303,52.2267060020046
"1622",1622,4675.064,49.0144501174941
"1623",1623,4676.054,48.8325270664923
"1624",1624,4677.023,48.7232637189611
"1625",1625,4677.907,48.4845656276727
"1626",1626,4679.745,44.7756723660945
"1627",1627,4680.884,44.642844079735
"1628",1628,4682.358,41.7567894535184
"1629",1629,4683.913,39.6189233837833
"1630",1630,4685.013,39.1533116455404
"1631",1631,4686.535,37.136773081609
"1632",1632,4687.58,36.8688881703112
"1633",1633,4689.524,32.4138563284605
"1634",1634,4690.945,29.7165787070122
"1635",1635,4691.834,29.5926370600555
"1636",1636,4694.152,20.3939404924308
"1637",1637,4695.176,19.9563343146801
"1638",1638,4696.978,14.959655988936
"1639",1639,4698.255,13.9199044083908
"1640",1640,4699.34,13.5668146024945
"1641",1641,4701,0
