"","sites","richness","sd"
"1",1,7.83,14.1935075497798
"2",2,23.69,87.6899606107745
"3",3,28.47,87.8196562291269
"4",4,37.33,96.8864851777636
"5",5,47.8,97.4804823769581
"6",6,65.87,127.8448914217
"7",7,73.99,128.327114764723
"8",8,82.35,128.477673649014
"9",9,89.79,130.183421107732
"10",10,97.42,130.177592759144
"11",11,102.74,131.40857866005
"12",12,112.1,130.794194107083
"13",13,128.67,161.980049588357
"14",14,145,178.046583394868
"15",15,152.26,178.14694989692
"16",16,162.94,177.261595195669
"17",17,170.48,176.697051703779
"18",18,176.77,177.240511991218
"19",19,184.42,177.250902463831
"20",20,192.13,176.532404957277
"21",21,199.45,177.647896842392
"22",22,204.86,176.795037409214
"23",23,213.06,176.916279920787
"24",24,218.63,176.234672232707
"25",25,228.03,177.747719018168
"26",26,234.46,177.972442538249
"27",27,243.15,178.484324354841
"28",28,248.55,177.359839383843
"29",29,255.11,177.866815171897
"30",30,262.8,177.073801882524
"31",31,270.28,184.779479817474
"32",32,276.94,187.285490493778
"33",33,284.12,187.097137845289
"34",34,293.14,185.79493529103
"35",35,298.62,185.082879605955
"36",36,307.5,185.697456779961
"37",37,313.17,185.494863932818
"38",38,319.99,184.918245380891
"39",39,328.51,186.429800745644
"40",40,332.33,186.099140245193
"41",41,340.66,184.355728816532
"42",42,346.9,183.542112526545
"43",43,353.64,183.416263337158
"44",44,359.01,183.857514824866
"45",45,363.78,184.755288876061
"46",46,371.33,186.275458838937
"47",47,376.71,185.346156903206
"48",48,382.08,186.317675929141
"49",49,387.9,189.94797267471
"50",50,392.88,190.680190238774
"51",51,400.65,194.475278219068
"52",52,407.28,200.73682856774
"53",53,413.54,200.077430465853
"54",54,418.5,203.179847684387
"55",55,433.25,213.479418495583
"56",56,440.99,212.168053031725
"57",57,448.32,210.914261866252
"58",58,456.56,210.895748097624
"59",59,460.69,210.142938126515
"60",60,467.2,210.192936862947
"61",61,474.86,211.650561067057
"62",62,482.1,210.006180765224
"63",63,488.54,209.477195306638
"64",64,492.42,208.346893134474
"65",65,497.61,208.501672352376
"66",66,502.75,207.993413600071
"67",67,508.52,210.541556635993
"68",68,513.36,209.737234354674
"69",69,518.16,208.824788574614
"70",70,522.89,209.864068319751
"71",71,528.08,208.888722974359
"72",72,534.37,210.326137080948
"73",73,539.91,210.201735473234
"74",74,544.23,210.50717279461
"75",75,549.17,210.708331850241
"76",76,553.49,210.03513390561
"77",77,559.02,209.720399724505
"78",78,566.82,215.207739900616
"79",79,570.53,214.021544039686
"80",80,575.08,213.639112296953
"81",81,579.92,215.345795680277
"82",82,583,214.679888544443
"83",83,590.21,214.036166820168
"84",84,596.9,212.780747401278
"85",85,602.57,215.038368904273
"86",86,606.79,214.352409490879
"87",87,622.37,229.918283902623
"88",88,627.57,229.636306873159
"89",89,633.81,231.198969581081
"90",90,639.38,231.375194011891
"91",91,645.22,229.874343364747
"92",92,652.15,229.005993261082
"93",93,659.05,231.257230299199
"94",94,664.7,230.918565382656
"95",95,671.17,232.558065085612
"96",96,683.68,243.712236339118
"97",97,689.36,242.754626083312
"98",98,696.31,242.199921385602
"99",99,701.85,241.200339003397
"100",100,708.98,240.294431349072
"101",101,712.5,241.099899660206
"102",102,717.22,240.832712801969
"103",103,721.61,240.705692084795
"104",104,726.21,240.329752211373
"105",105,731.22,242.116658583494
"106",106,735.2,241.530640923777
"107",107,746.78,245.379342688381
"108",108,750.63,244.868864307144
"109",109,755.17,244.662705566152
"110",110,761.78,245.759740602504
"111",111,765.73,244.648412125555
"112",112,770.9,243.2793422875
"113",113,782.07,247.88773342753
"114",114,785.48,247.162584203805
"115",115,789.03,248.364690108979
"116",116,792.31,247.561427740774
"117",117,797.87,247.762213104469
"118",118,802.54,247.450205989901
"119",119,807.42,247.919349056026
"120",120,811.68,247.57367559675
"121",121,814.95,246.821670176439
"122",122,820.95,245.205186187677
"123",123,824.66,244.495738328107
"124",124,829.1,245.349081345685
"125",125,834.19,245.826484547639
"126",126,840.35,248.524184340318
"127",127,847.07,247.330117393125
"128",128,851.36,247.232337461888
"129",129,855.25,247.288543481848
"130",130,860.52,249.097785350787
"131",131,865.17,248.612596891898
"132",132,870.45,247.720124537774
"133",133,875.39,247.078153709315
"134",134,887.61,254.930368587744
"135",135,890.41,254.800381166168
"136",136,897.39,254.321632639229
"137",137,902.05,253.193756405699
"138",138,907.34,253.194707685607
"139",139,912.26,254.045395609334
"140",140,916.28,252.741097216543
"141",141,920.2,254.727225863196
"142",142,922.88,254.121552081525
"143",143,927.41,254.086801958096
"144",144,938.85,267.278479031768
"145",145,942.45,267.131011439569
"146",146,947.55,266.14917116747
"147",147,951.71,266.990988195815
"148",148,955.66,266.367188654908
"149",149,961.58,265.630835954904
"150",150,966.89,266.014007947406
"151",151,971.79,265.620002555485
"152",152,976.01,266.29214210993
"153",153,980.54,266.230454586801
"154",154,984.99,266.520130003288
"155",155,990.48,267.09747322283
"156",156,993.19,269.019119706531
"157",157,998.55,268.815147142666
"158",158,1012.79,279.776689269471
"159",159,1025.55,289.749330012037
"160",160,1030.5,289.256989648662
"161",161,1034.74,288.179574346807
"162",162,1039.21,288.270646364758
"163",163,1043.94,288.371282140986
"164",164,1050.8,290.275243814758
"165",165,1056.91,288.885741455271
"166",166,1061.37,288.229098517695
"167",167,1065.45,288.042272956768
"168",168,1069.88,286.690001869122
"169",169,1072.38,286.313234557588
"170",170,1075.74,286.190606118201
"171",171,1079.22,287.683172390683
"172",172,1083.85,286.941213667556
"173",173,1088.47,285.667973371362
"174",174,1092.38,286.086897161112
"175",175,1095.37,285.820868356177
"176",176,1099.01,285.72666513946
"177",177,1104.68,288.039169614695
"178",178,1109.1,288.147847151739
"179",179,1115.34,288.455070464653
"180",180,1119.07,288.444040929042
"181",181,1122.69,288.409875809838
"182",182,1126.76,288.132304066144
"183",183,1131.65,286.214773316554
"184",184,1134.29,285.665386475686
"185",185,1145.21,296.017891044075
"186",186,1149.17,295.925326883167
"187",187,1151.74,295.892746744082
"188",188,1156.23,297.845694406966
"189",189,1158.59,297.433605017892
"190",190,1161.27,297.373039032516
"191",191,1165.75,296.173385439043
"192",192,1169.09,296.752663565693
"193",193,1172.91,295.308094379515
"194",194,1176.41,295.783161601313
"195",195,1181.94,294.45449717926
"196",196,1185.95,293.091545494584
"197",197,1189.64,292.93814702049
"198",198,1201.08,299.229741135132
"199",199,1206.43,298.565670660526
"200",200,1209.98,298.850997635743
"201",201,1214.97,298.657854814542
"202",202,1218.45,299.201981540189
"203",203,1222.25,300.955628629937
"204",204,1227.82,300.042703358012
"205",205,1232.05,302.897568277936
"206",206,1237.42,302.725804528244
"207",207,1242.15,301.247083895522
"208",208,1246.6,301.880001579328
"209",209,1249.51,300.968252126165
"210",210,1252.81,301.550963748043
"211",211,1258.87,301.027655865636
"212",212,1261.72,302.609595473652
"213",213,1264.78,301.84762963315
"214",214,1267.88,301.324727686182
"215",215,1271.56,301.54006451059
"216",216,1275.57,301.3908249996
"217",217,1278.6,300.712991123269
"218",218,1282.95,299.993918288523
"219",219,1288.07,299.606046216182
"220",220,1291.7,299.950820884849
"221",221,1294.75,300.127830509709
"222",222,1299.79,300.660091811469
"223",223,1305.3,300.280828155205
"224",224,1309.19,299.533566524267
"225",225,1313.27,298.90598011665
"226",226,1317.59,298.05426578651
"227",227,1319.99,298.86122231233
"228",228,1323.75,298.667389575694
"229",229,1327.17,297.931998715455
"230",230,1331,298.456906860145
"231",231,1334.53,298.117543593093
"232",232,1337.47,298.069290805363
"233",233,1339.57,298.223062573143
"234",234,1342.62,298.308693074199
"235",235,1345.25,298.578598183007
"236",236,1348.41,297.046780487485
"237",237,1353.05,296.012092811948
"238",238,1356.59,296.220607628569
"239",239,1360.89,295.910233965736
"240",240,1364.93,296.000145201985
"241",241,1368.43,296.450696157937
"242",242,1371.41,297.641676476527
"243",243,1376.14,299.193867084555
"244",244,1379.97,298.676658889938
"245",245,1383.29,298.221099423589
"246",246,1388.43,298.220928714321
"247",247,1393.74,296.961706200471
"248",248,1397.18,297.127948496566
"249",249,1402.25,296.952037585639
"250",250,1405.26,295.934425578411
"251",251,1409.72,294.121018176759
"252",252,1414.03,292.84823714682
"253",253,1417.75,293.818207211345
"254",254,1420.88,294.497321419453
"255",255,1423.67,294.312314531432
"256",256,1427.97,295.021808986688
"257",257,1431.44,296.8550413174
"258",258,1441.9,302.959526583131
"259",259,1444.9,303.373607050029
"260",260,1449.28,304.017944712266
"261",261,1452.55,304.407899358606
"262",262,1456.08,303.890386937013
"263",263,1472.79,314.303182942968
"264",264,1476.53,313.888401161684
"265",265,1480.67,315.291305258672
"266",266,1483.32,314.918167340679
"267",267,1487.34,314.71122630055
"268",268,1491.54,314.268476229346
"269",269,1495.6,315.489326525503
"270",270,1499.53,314.875619342885
"271",271,1504.84,313.504135265044
"272",272,1507.96,312.997464087575
"273",273,1511.46,314.055403334565
"274",274,1521.49,319.723823215151
"275",275,1524.21,319.252861847752
"276",276,1527.09,317.801128812891
"277",277,1530.2,317.04787262392
"278",278,1534.93,316.174170611099
"279",279,1537.41,315.376962034037
"280",280,1539.69,315.520179604053
"281",281,1543.71,314.610173890088
"282",282,1547.52,314.658239486538
"283",283,1549.93,314.991269880627
"284",284,1553.34,315.992559048053
"285",285,1557.7,316.168268074729
"286",286,1560.57,317.256301288202
"287",287,1565.06,317.492124136787
"288",288,1568.66,317.763975048123
"289",289,1571.57,317.44651199816
"290",290,1574.79,316.252561613772
"291",291,1578.31,316.967630345543
"292",292,1581.53,316.314938795262
"293",293,1585.73,316.043592920759
"294",294,1590.08,314.675644453334
"295",295,1593.17,314.030399834478
"296",296,1596.53,313.384568828457
"297",297,1599.77,313.337777370161
"298",298,1603.73,311.984681539257
"299",299,1606.18,312.497317321819
"300",300,1609.71,311.38635247077
"301",301,1613.59,309.259921245688
"302",302,1616.44,310.224464840958
"303",303,1621.04,309.679466741358
"304",304,1625.44,309.757882641565
"305",305,1628.29,309.50290202781
"306",306,1631.32,310.042059056249
"307",307,1634.5,310.071138790941
"308",308,1639.31,309.308048045728
"309",309,1642.4,309.622578979863
"310",310,1645.18,309.924180366356
"311",311,1648.57,308.673874351346
"312",312,1652.07,309.000057369809
"313",313,1654.88,308.750079703912
"314",314,1657.49,309.369822005439
"315",315,1659.93,309.692654909752
"316",316,1663.72,309.157214753826
"317",317,1668.82,308.952625573056
"318",318,1670.92,308.917421543903
"319",319,1673.65,308.009457253468
"320",320,1676.99,308.986008476668
"321",321,1680.3,308.007854419069
"322",322,1685.13,307.113760221146
"323",323,1688.01,307.131350672081
"324",324,1690.84,307.958239330785
"325",325,1694.26,307.183215161193
"326",326,1697.48,306.77716981417
"327",327,1699.73,306.402549472475
"328",328,1702.95,306.777330987935
"329",329,1705.03,307.500889544579
"330",330,1708.9,308.395276333225
"331",331,1712.6,311.032883382858
"332",332,1715.14,310.410676818353
"333",333,1719.18,309.662357017341
"334",334,1722.04,308.529157144152
"335",335,1725.75,307.979055269751
"336",336,1728.39,308.921810087075
"337",337,1730.35,309.364071585371
"338",338,1733.28,309.35064214897
"339",339,1736.87,308.758336247008
"340",340,1739.24,308.158004860487
"341",341,1741.84,308.576258767177
"342",342,1746.49,308.483337630997
"343",343,1750.3,307.299955460886
"344",344,1761.09,311.906943355116
"345",345,1765.18,310.98957012619
"346",346,1767.31,310.754074548484
"347",347,1769.22,311.012929024184
"348",348,1773.11,311.210601173592
"349",349,1776.05,310.723475590159
"350",350,1786.26,311.965959681501
"351",351,1788.95,312.335560775991
"352",352,1792.2,311.863153101847
"353",353,1794.65,311.938784949156
"354",354,1796.96,311.684278225465
"355",355,1799.43,311.266401701634
"356",356,1801.6,311.55089407023
"357",357,1805.9,311.129792007688
"358",358,1810.04,310.884788819254
"359",359,1811.99,310.189889544707
"360",360,1815.67,310.514953689265
"361",361,1817.55,310.925739778111
"362",362,1820.07,310.716287329971
"363",363,1822.38,310.714548917637
"364",364,1826.4,309.885153049978
"365",365,1836.27,314.960085814958
"366",366,1839.56,315.130382508253
"367",367,1842.11,314.499502817933
"368",368,1844.53,314.627130766152
"369",369,1847.21,314.115249228655
"370",370,1851.36,313.282862472865
"371",371,1854.38,314.099153745817
"372",372,1856.9,314.039742064535
"373",373,1859.3,313.112768919771
"374",374,1861.2,312.93256123131
"375",375,1863.07,313.711610955803
"376",376,1865.94,312.936912995497
"377",377,1869.08,313.05863780939
"378",378,1871.71,313.610138692787
"379",379,1874.72,313.468380955059
"380",380,1877.88,312.281286048591
"381",381,1880.41,311.561012556858
"382",382,1883.76,310.861238328212
"383",383,1887.67,309.655691980234
"384",384,1890.41,309.258680091798
"385",385,1892.56,308.513356782379
"386",386,1896.02,308.569458480697
"387",387,1898.48,308.338050086773
"388",388,1909.05,303.172264096127
"389",389,1910.66,303.089153133983
"390",390,1913.68,303.641464543134
"391",391,1916.61,303.517456439718
"392",392,1918.27,303.421760504211
"393",393,1921.43,303.280223622319
"394",394,1923.66,302.706252250453
"395",395,1926.53,302.749503248431
"396",396,1930.67,302.250616963052
"397",397,1933.49,302.699754398862
"398",398,1935.82,301.923208512337
"399",399,1939.22,301.649725959957
"400",400,1948.64,309.192056296354
"401",401,1951.29,309.030523646863
"402",402,1952.99,308.486055379553
"403",403,1955.12,308.095789905633
"404",404,1957.9,308.372184284517
"405",405,1959.83,308.251080101657
"406",406,1964.09,306.789471294192
"407",407,1966.84,306.453473984505
"408",408,1969.52,305.815005808704
"409",409,1972.86,305.167118315539
"410",410,1975.35,304.866070114519
"411",411,1978.6,303.626298750502
"412",412,1981.18,302.584936902689
"413",413,1983.92,301.288501626134
"414",414,1986.85,300.399342794746
"415",415,1990.83,299.669213424982
"416",416,2001.69,305.824624432191
"417",417,2010.75,307.627394157873
"418",418,2014.55,308.616966186537
"419",419,2017.22,308.314793218184
"420",420,2019.77,307.91379664058
"421",421,2024.1,306.930370809492
"422",422,2026.32,306.881837556774
"423",423,2035.96,305.541807881731
"424",424,2044.74,306.620800917934
"425",425,2046.7,305.982718862396
"426",426,2049.12,305.893831189182
"427",427,2051.54,305.632426620639
"428",428,2052.96,305.041209999534
"429",429,2055.69,304.674480869221
"430",430,2058.36,304.071812358047
"431",431,2060.25,303.824755942027
"432",432,2063.32,303.666047300037
"433",433,2065.1,303.666966037839
"434",434,2068.61,303.796612418855
"435",435,2071.2,302.866707355302
"436",436,2075.18,300.865666188266
"437",437,2077.78,300.096300368647
"438",438,2080.7,300.205468358462
"439",439,2083.12,300.148760423625
"440",440,2086.11,300.427368825468
"441",441,2090.26,299.144187388765
"442",442,2098.84,303.235006374444
"443",443,2101.47,304.775077025267
"444",444,2103.48,304.386267094887
"445",445,2107.46,306.545049007005
"446",446,2109.02,306.328567905691
"447",447,2119.49,310.176375208322
"448",448,2121.52,309.995649366669
"449",449,2123.99,311.076121607467
"450",450,2127.27,313.585548233024
"451",451,2128.71,314.147501063183
"452",452,2131.18,313.812637274427
"453",453,2134.12,315.939173278847
"454",454,2135.74,315.386683295284
"455",455,2138.96,315.323656716156
"456",456,2142.72,316.640065230367
"457",457,2151.78,317.089783671898
"458",458,2161.64,322.167016099765
"459",459,2171.54,326.822950246889
"460",460,2173.19,326.884611742339
"461",461,2175.5,327.389598941306
"462",462,2178.49,326.644510534964
"463",463,2181.57,325.965179245894
"464",464,2185.2,325.58584338718
"465",465,2187.6,326.685559132103
"466",466,2189.79,326.083130474114
"467",467,2191.52,326.285073349838
"468",468,2194.03,327.07616432985
"469",469,2196.15,327.748929992321
"470",470,2199.01,326.868413119025
"471",471,2203.03,328.889482988134
"472",472,2205.83,329.579715683321
"473",473,2207.52,330.370299738785
"474",474,2209.86,330.487702670102
"475",475,2211.82,330.470627983178
"476",476,2214.3,329.935270664236
"477",477,2215.95,329.539022229109
"478",478,2218.89,330.607640595619
"479",479,2222,331.104457258071
"480",480,2223.8,330.835031672612
"481",481,2226.14,330.500814345182
"482",482,2228.86,330.701611667672
"483",483,2232.3,330.528120413133
"484",484,2236.39,330.096340237792
"485",485,2239.11,330.188801056962
"486",486,2241.54,330.352044236619
"487",487,2251.32,326.925095056617
"488",488,2253.14,327.384400756337
"489",489,2254.62,327.09359177119
"490",490,2257.76,327.716745148162
"491",491,2260.89,328.239192625984
"492",492,2263.52,328.207604907613
"493",493,2265.9,327.719407574544
"494",494,2268.66,326.091212994032
"495",495,2270.18,325.658877733227
"496",496,2272.6,326.060786301629
"497",497,2274.34,326.123860091855
"498",498,2275.97,326.332620019649
"499",499,2278.94,325.15605639462
"500",500,2281.23,324.739735881838
"501",501,2284.26,324.137631947363
"502",502,2287.23,323.408265450369
"503",503,2290.56,323.74841585354
"504",504,2293.95,324.159375161433
"505",505,2297.3,326.33478812317
"506",506,2306.69,326.302632505161
"507",507,2308.68,325.784674503596
"508",508,2310.67,325.290330460205
"509",509,2312.68,324.810243904737
"510",510,2315.04,324.548137158933
"511",511,2322.88,326.792655976232
"512",512,2327.2,324.758029581684
"513",513,2329.3,324.032779860684
"514",514,2331.48,324.612791248934
"515",515,2332.95,325.246025760081
"516",516,2334.96,324.500452755283
"517",517,2336.73,324.244478625607
"518",518,2339.5,322.619972203592
"519",519,2341.77,322.215307118414
"520",520,2351.3,324.037985677013
"521",521,2354.19,323.683118983909
"522",522,2358.34,323.228262215651
"523",523,2360.33,323.529526699596
"524",524,2362.08,323.024709940777
"525",525,2365.56,322.408904055303
"526",526,2367.65,321.798618720002
"527",527,2369.83,321.620488285259
"528",528,2378.63,326.518261125599
"529",529,2381.08,326.273655978932
"530",530,2383.11,325.787837480936
"531",531,2393.55,330.369195833322
"532",532,2396.06,330.25716395475
"533",533,2397.33,330.909797437918
"534",534,2399.02,331.172297309196
"535",535,2401.23,330.941413686666
"536",536,2404.55,330.481264463836
"537",537,2408.17,329.731235978331
"538",538,2412.86,333.084210543117
"539",539,2415.13,332.015870832779
"540",540,2418.05,331.437834108884
"541",541,2420.56,331.0724025913
"542",542,2423.15,329.821695784406
"543",543,2425.6,329.879469877203
"544",544,2427.72,330.465819990235
"545",545,2430.2,329.919335105974
"546",546,2439.1,328.85855545348
"547",547,2441.7,328.969173588829
"548",548,2444.01,329.971761724172
"549",549,2445.43,329.856236055416
"550",550,2448.05,329.01436445876
"551",551,2450.12,328.459928832247
"552",552,2452.66,328.203349751155
"553",553,2455.57,327.680808443556
"554",554,2457.28,327.574806939444
"555",555,2466.43,331.775884408056
"556",556,2468.5,332.018087008841
"557",557,2470.85,332.533597451962
"558",558,2473.45,331.433293104024
"559",559,2475.13,330.699828951705
"560",560,2477.15,330.332962572033
"561",561,2479.15,329.331136509665
"562",562,2481.14,330.12740179231
"563",563,2483.26,330.359235751726
"564",564,2485.64,330.558038119869
"565",565,2487.22,330.864114437063
"566",566,2490.14,330.613785483175
"567",567,2492.33,330.436138331072
"568",568,2494.05,330.718482468798
"569",569,2495.19,330.555323843396
"570",570,2499.75,328.859749511072
"571",571,2502.47,328.748789758497
"572",572,2504.78,329.033895892907
"573",573,2506.71,329.590786836763
"574",574,2508.38,330.306095565427
"575",575,2511.32,330.082997827131
"576",576,2513.15,329.33337550607
"577",577,2516.95,327.214024266638
"578",578,2519.71,327.096603127849
"579",579,2521.44,327.259367067366
"580",580,2524.89,326.962756814036
"581",581,2527.8,327.021792125926
"582",582,2529.73,327.767959774206
"583",583,2532.13,328.424388389305
"584",584,2535.25,328.293856263875
"585",585,2537.44,327.204823258515
"586",586,2540.27,326.496457047617
"587",587,2542.47,326.97371021493
"588",588,2544.6,326.203536882645
"589",589,2546.82,325.938160460607
"590",590,2549.85,325.271956921583
"591",591,2552.65,324.730016064628
"592",592,2554.7,325.076261448873
"593",593,2562.79,325.108009868733
"594",594,2564.56,324.522098358852
"595",595,2566.04,324.537430566004
"596",596,2568.36,324.792692857049
"597",597,2570.54,324.282718028761
"598",598,2572.02,324.412475317171
"599",599,2573.37,324.029854435755
"600",600,2575.87,324.250360154937
"601",601,2578.49,324.072491422783
"602",602,2581.46,324.014946032626
"603",603,2583.06,323.607625610917
"604",604,2584.99,322.759800452099
"605",605,2593.27,323.447897697995
"606",606,2595.91,323.45949100812
"607",607,2598.33,323.286065117242
"608",608,2600.66,323.103955501331
"609",609,2603.42,323.496465563881
"610",610,2607.51,323.364556286904
"611",611,2610.63,322.789065659125
"612",612,2612.96,322.443697066291
"613",613,2615.09,323.030195136147
"614",614,2617.32,323.020182000751
"615",615,2619.78,323.743244693767
"616",616,2621.67,323.245694308353
"617",617,2623.46,324.04502804706
"618",618,2625.34,324.897597542501
"619",619,2627.64,324.792381858213
"620",620,2629.18,324.841107390221
"621",621,2631.8,324.333380049204
"622",622,2634.05,324.111945213846
"623",623,2636.34,323.803008452405
"624",624,2638.2,323.340893382407
"625",625,2639.95,323.900451566917
"626",626,2647.5,323.049187861195
"627",627,2649.19,323.001726079761
"628",628,2651.44,322.914922028523
"629",629,2653.3,323.009913223115
"630",630,2654.9,323.36227611792
"631",631,2657.63,323.962014701874
"632",632,2660.76,322.633454338799
"633",633,2663.32,322.978433154334
"634",634,2664.77,322.994538372063
"635",635,2666.93,322.276475039114
"636",636,2668.93,322.01446905819
"637",637,2670.44,321.748547279965
"638",638,2672.79,321.116212797193
"639",639,2675.02,320.521102852429
"640",640,2676.78,320.172478138855
"641",641,2679.32,319.841497361339
"642",642,2681.35,319.497534016186
"643",643,2683.49,319.012792087013
"644",644,2685.87,317.925207359762
"645",645,2687.51,318.40814589727
"646",646,2689.11,317.733796684513
"647",647,2692.77,318.223377964015
"648",648,2694.59,318.062667575197
"649",649,2696.48,317.740459488494
"650",650,2697.67,317.717619844408
"651",651,2699.59,317.782439236136
"652",652,2702.38,319.07909725181
"653",653,2704.53,318.989264092164
"654",654,2705.7,318.691025441523
"655",655,2708.28,318.219988706117
"656",656,2710.63,318.293513454281
"657",657,2711.52,318.439803867024
"658",658,2712.89,318.254072156892
"659",659,2714.54,317.387359164753
"660",660,2716.82,317.485365287468
"661",661,2718.81,318.09469700488
"662",662,2720.76,318.318756448738
"663",663,2730.54,317.085573639201
"664",664,2732.58,316.621342210904
"665",665,2735.54,314.655476816961
"666",666,2738.16,315.206801444334
"667",667,2740.38,315.586251956961
"668",668,2743.18,316.600643196958
"669",669,2744.46,316.454168574346
"670",670,2746.92,316.346398810551
"671",671,2749.71,314.920137222571
"672",672,2757.66,316.375950126083
"673",673,2759.25,315.896427694748
"674",674,2760.91,315.507418632465
"675",675,2763.49,316.107017264148
"676",676,2765.11,315.455095173159
"677",677,2773.26,314.701417572629
"678",678,2775.32,315.438219470993
"679",679,2777.16,314.424332725858
"680",680,2778.95,314.808724193411
"681",681,2780.98,315.571022597181
"682",682,2782.37,315.511566485063
"683",683,2784.36,315.761210122747
"684",684,2786.04,315.939065855005
"685",685,2787.52,315.616455639922
"686",686,2790.48,315.848016129482
"687",687,2792.56,315.785322808091
"688",688,2794.25,315.260654543237
"689",689,2795.52,315.205864427832
"690",690,2797.45,315.502273119283
"691",691,2799.35,314.967125910055
"692",692,2802.1,315.337897974522
"693",693,2803.48,316.137819325814
"694",694,2805.17,316.22827884842
"695",695,2806.61,315.964609161254
"696",696,2808.18,315.568794785581
"697",697,2809.75,315.657670826348
"698",698,2812.43,315.218450948198
"699",699,2813.98,315.358381348695
"700",700,2815.65,314.659552275763
"701",701,2816.84,315.038452679457
"702",702,2818.3,314.732321732984
"703",703,2819.99,314.494929219933
"704",704,2822.45,314.851652578342
"705",705,2823.7,314.106090936862
"706",706,2830.63,313.990884992838
"707",707,2832.77,315.013030193862
"708",708,2833.59,315.149991386176
"709",709,2835.47,314.950804399543
"710",710,2837.24,315.397011957176
"711",711,2838.9,315.088299312489
"712",712,2842.66,315.761296494102
"713",713,2844.77,315.101389967731
"714",714,2846.94,314.575000130447
"715",715,2848.14,314.123440318572
"716",716,2850.71,313.698217425859
"717",717,2853.68,314.024443493036
"718",718,2857.15,314.614542902995
"719",719,2858.68,314.324411968902
"720",720,2860,313.847933325242
"721",721,2862.15,313.964302641771
"722",722,2863.96,314.481870492858
"723",723,2865.46,314.033949782761
"724",724,2866.9,313.856027599608
"725",725,2868.3,314.439970343299
"726",726,2870.92,314.043864915252
"727",727,2872.33,314.010938978214
"728",728,2875.44,314.635409336077
"729",729,2877,315.343775853745
"730",730,2878.32,315.364752102525
"731",731,2879.73,314.952677381697
"732",732,2881.59,315.457951383238
"733",733,2884.2,314.300152495327
"734",734,2885.7,313.939082426428
"735",735,2887.04,313.231992638238
"736",736,2888.67,313.18407324986
"737",737,2889.77,313.023407489542
"738",738,2890.89,312.721449455414
"739",739,2892.59,312.610678420662
"740",740,2894.56,313.113505091536
"741",741,2896.36,312.784255203216
"742",742,2897.62,312.650506140481
"743",743,2899.03,312.79245563637
"744",744,2900.42,312.991308492615
"745",745,2902.28,312.693482083291
"746",746,2904.08,313.069446583084
"747",747,2905.88,312.797067851612
"748",748,2908.12,313.294429564203
"749",749,2916.08,310.890726848525
"750",750,2918.91,311.368082383652
"751",751,2921.45,311.09495042803
"752",752,2922.71,310.786434677896
"753",753,2930.61,306.026238229418
"754",754,2932.58,305.334827970406
"755",755,2934.99,305.36937378271
"756",756,2936.47,305.521228907471
"757",757,2938.73,304.879239381859
"758",758,2941.13,304.93836618523
"759",759,2943.23,305.058293982106
"760",760,2945.19,304.861674047477
"761",761,2947.76,304.869706231659
"762",762,2949.96,305.165791005479
"763",763,2952.37,303.810701795135
"764",764,2955.3,302.968395191394
"765",765,2956.87,302.421027507658
"766",766,2959.69,302.445009443657
"767",767,2960.73,302.803628569321
"768",768,2961.53,302.582101889451
"769",769,2963.45,302.942217879478
"770",770,2964.59,302.907396423529
"771",771,2967.23,301.989726730074
"772",772,2969.23,302.099684364167
"773",773,2971.45,302.336469697407
"774",774,2974.33,302.839493274686
"775",775,2976.57,303.597030068917
"776",776,2979.18,303.07349443708
"777",777,2980.73,303.027179999059
"778",778,2981.94,303.325468429507
"779",779,2982.88,303.230661278496
"780",780,2985.59,304.152576510507
"781",781,2988.34,302.639006211704
"782",782,2990.25,302.444130411225
"783",783,2991.76,302.726236295129
"784",784,2993.55,302.554423687589
"785",785,2995.83,302.194066183245
"786",786,2996.88,302.122501076245
"787",787,3000.54,302.925380684132
"788",788,3001.81,303.084203221521
"789",789,3003.22,302.650199124836
"790",790,3005.78,303.981976472622
"791",791,3007.64,303.338645308134
"792",792,3009.26,302.888005438287
"793",793,3011.43,303.819931219235
"794",794,3012.9,303.413359407042
"795",795,3014.07,303.560196716076
"796",796,3015.2,303.603476111639
"797",797,3016.62,303.206526275009
"798",798,3017.86,302.612163694987
"799",799,3019.46,302.843307819257
"800",800,3021.82,303.259077824273
"801",801,3023.82,303.983531584768
"802",802,3026.05,303.751073490226
"803",803,3027.89,303.061246435286
"804",804,3029.73,303.33555959889
"805",805,3031.48,302.06088355452
"806",806,3033.67,301.124829144448
"807",807,3035.15,300.138734756129
"808",808,3036.53,299.760761679083
"809",809,3042.78,300.088524986016
"810",810,3044.75,299.688301878516
"811",811,3047.5,299.892994384344
"812",812,3049.58,298.412810811744
"813",813,3053.23,298.812358100423
"814",814,3055.13,299.01206539624
"815",815,3062.09,299.788447126141
"816",816,3065.4,299.776381304263
"817",817,3066.51,299.234764597021
"818",818,3068.11,299.683095076695
"819",819,3069.66,299.327637794232
"820",820,3071.64,299.83182222066
"821",821,3074.55,298.826843377954
"822",822,3076.73,298.256172686257
"823",823,3077.93,298.392638594984
"824",824,3079.59,298.631257878036
"825",825,3080.62,298.57952530154
"826",826,3082.38,299.20766681151
"827",827,3083.69,298.75832924444
"828",828,3085.26,299.025610200122
"829",829,3087.73,298.561292795224
"830",830,3089.92,298.482142673476
"831",831,3092.75,300.101375969165
"832",832,3094.48,299.241076421974
"833",833,3095.93,299.367624917066
"834",834,3097.96,299.481029904612
"835",835,3099.29,299.503639714145
"836",836,3101.64,299.347827144547
"837",837,3103,299.533914034063
"838",838,3105.75,300.57898254448
"839",839,3107.5,299.84984457713
"840",840,3109.1,299.365709931562
"841",841,3110.21,299.117128337122
"842",842,3111.61,299.470640540028
"843",843,3113.64,298.908334315442
"844",844,3115.29,298.446221912319
"845",845,3116.82,298.673003855928
"846",846,3118.25,298.374531606019
"847",847,3119.65,298.629948196084
"848",848,3120.87,298.546670124495
"849",849,3122.06,298.877963001083
"850",850,3124.6,297.191160465088
"851",851,3126.15,296.308444774098
"852",852,3127.85,295.611517353298
"853",853,3128.92,296.129806372513
"854",854,3130.04,295.771783439171
"855",855,3131.6,295.425049032677
"856",856,3133.5,295.451768440718
"857",857,3135.38,295.235868040754
"858",858,3137.16,295.131873280848
"859",859,3139.05,294.826138631231
"860",860,3140.95,294.951712363673
"861",861,3142.66,293.273004126692
"862",862,3144.18,293.634741153225
"863",863,3145.5,293.622533057652
"864",864,3147.31,293.289690107294
"865",865,3148.74,293.392508494004
"866",866,3150.27,292.975568843878
"867",867,3151.88,292.108679097422
"868",868,3153.73,291.861142263982
"869",869,3155.19,292.124703377226
"870",870,3157.37,292.217009958508
"871",871,3159.05,292.581832634699
"872",872,3160.83,292.24159975312
"873",873,3163.55,292.611970280635
"874",874,3165.65,291.997660672793
"875",875,3167.11,292.204401096565
"876",876,3169.13,292.194920931528
"877",877,3171.51,293.094892587036
"878",878,3173.88,294.930886613776
"879",879,3175.27,294.531706890169
"880",880,3176.45,294.729438501131
"881",881,3178.84,295.306850170421
"882",882,3180.31,295.452424685473
"883",883,3181.95,295.193939844998
"884",884,3183.83,295.272141379351
"885",885,3185.87,295.51303292116
"886",886,3192.14,296.572134070399
"887",887,3193.86,296.109931128848
"888",888,3195.1,296.142557126486
"889",889,3196.6,296.18725308306
"890",890,3198.63,296.844572295015
"891",891,3200.13,296.793628093272
"892",892,3202.81,297.46897622808
"893",893,3204.24,297.419274167739
"894",894,3205.91,296.988728657326
"895",895,3207.89,297.118039156022
"896",896,3209.52,296.135973409977
"897",897,3211.73,296.781246344539
"898",898,3214.13,297.592822460149
"899",899,3215.84,297.814691214235
"900",900,3217.67,297.4980538091
"901",901,3219.34,297.821288016756
"902",902,3222.18,296.608791767094
"903",903,3223.77,296.727942429057
"904",904,3225.79,296.179794391955
"905",905,3226.94,296.298471549254
"906",906,3228.47,296.109843630619
"907",907,3229.77,296.005591504654
"908",908,3231.85,295.145209082656
"909",909,3233.25,294.959246457383
"910",910,3234.83,294.683773499045
"911",911,3236.76,294.623646935091
"912",912,3237.63,294.46848727835
"913",913,3239.01,294.780606484884
"914",914,3239.95,294.628318325982
"915",915,3241.79,293.881453974045
"916",916,3243.14,293.756135375428
"917",917,3244.8,294.234668936277
"918",918,3247.18,294.055425958022
"919",919,3249.3,293.985930399275
"920",920,3251.17,294.415464535367
"921",921,3252.89,293.632247664808
"922",922,3254.94,293.488520244236
"923",923,3256.06,293.532949297404
"924",924,3257.96,293.253257665304
"925",925,3259.01,293.449787317639
"926",926,3260.57,293.485059072843
"927",927,3262.64,293.175044068636
"928",928,3263.84,292.710796700515
"929",929,3265.76,290.972320527454
"930",930,3266.63,290.81302455792
"931",931,3267.99,290.817048080998
"932",932,3269.68,290.170130520811
"933",933,3271.87,289.738706911638
"934",934,3273.61,289.750184807464
"935",935,3275.75,288.62034672811
"936",936,3277.38,288.654376531708
"937",937,3278.67,288.291591128065
"938",938,3280.64,287.893025868002
"939",939,3282.05,287.543070994186
"940",940,3283.76,287.5447130799
"941",941,3285.75,286.845728959352
"942",942,3286.83,286.271470193005
"943",943,3288.26,285.961663744134
"944",944,3290.67,285.622837237352
"945",945,3292.13,286.004543829131
"946",946,3294.28,285.12421818916
"947",947,3297.02,285.502356479864
"948",948,3298.98,285.514137702992
"949",949,3300.86,284.880659756029
"950",950,3302.7,284.207155206738
"951",951,3304.15,284.274706201341
"952",952,3310.91,283.144468068828
"953",953,3313.47,283.120042891472
"954",954,3315.42,282.638584225384
"955",955,3317.69,282.162847707246
"956",956,3318.91,281.975824416838
"957",957,3320.94,282.268616961242
"958",958,3322.72,281.743277370436
"959",959,3323.95,281.440715360493
"960",960,3325.38,280.843814389436
"961",961,3326.83,280.887556315564
"962",962,3328.12,281.038847740653
"963",963,3329.91,279.781086681438
"964",964,3331.71,280.291885920965
"965",965,3333.67,280.393700667004
"966",966,3335.6,280.572466737043
"967",967,3336.94,280.55316282608
"968",968,3337.82,281.040935944869
"969",969,3339.18,281.327027790891
"970",970,3340.77,281.431042022982
"971",971,3343.11,281.682602920164
"972",972,3344.43,281.892781931447
"973",973,3345.97,282.256436703587
"974",974,3353.15,279.411624777149
"975",975,3354.61,279.87002376464
"976",976,3356.27,279.673830767488
"977",977,3358.14,279.402971720167
"978",978,3360.37,278.668720269365
"979",979,3361.97,278.48281070577
"980",980,3363.53,278.37869182214
"981",981,3364.71,278.271587961593
"982",982,3366.09,278.231467296457
"983",983,3367.49,277.758797149504
"984",984,3369.31,277.543251520635
"985",985,3371.27,277.295774518215
"986",986,3373.73,276.388207988603
"987",987,3375.47,276.458499817264
"988",988,3377.47,276.668727812695
"989",989,3378.63,276.983121500137
"990",990,3380.86,277.532563200003
"991",991,3381.95,277.694671911581
"992",992,3383.54,277.650329469542
"993",993,3385.39,276.738796548571
"994",994,3387.08,276.223327886489
"995",995,3388.13,276.254993281807
"996",996,3389.75,276.278236821893
"997",997,3390.86,276.188671422675
"998",998,3392.46,276.165022397768
"999",999,3394.1,275.411886218999
"1000",1000,3395.17,274.924674899666
"1001",1001,3397.61,273.28328791667
"1002",1002,3399.02,272.799737107015
"1003",1003,3401.83,273.561326014678
"1004",1004,3403.76,273.244483711543
"1005",1005,3406.32,272.470362766042
"1006",1006,3408.02,272.753115879951
"1007",1007,3409.99,272.784796778588
"1008",1008,3411.99,272.871579481794
"1009",1009,3413.69,272.003627983826
"1010",1010,3415.79,271.057871304191
"1011",1011,3417.08,270.828533477281
"1012",1012,3418.56,270.376292965896
"1013",1013,3419.63,270.090319910009
"1014",1014,3420.61,270.300651725504
"1015",1015,3422.78,268.879777873858
"1016",1016,3424.18,269.1913959932
"1017",1017,3425.58,268.670771455221
"1018",1018,3427.29,268.764712352758
"1019",1019,3428.57,268.820778981315
"1020",1020,3430.07,268.576165485075
"1021",1021,3431.71,268.685926635016
"1022",1022,3432.73,268.279172211382
"1023",1023,3434.21,268.08348221094
"1024",1024,3435.47,268.705631244725
"1025",1025,3437.24,267.98447565469
"1026",1026,3438.64,268.291584179255
"1027",1027,3440.21,267.889291734968
"1028",1028,3441.51,267.593106424774
"1029",1029,3442.3,267.620849695832
"1030",1030,3443.85,266.931624998318
"1031",1031,3445.35,267.158348799609
"1032",1032,3447.11,266.599874021506
"1033",1033,3448.6,266.515525349885
"1034",1034,3450.3,266.00001898686
"1035",1035,3451.88,264.970716125462
"1036",1036,3457.92,264.77975143065
"1037",1037,3459.16,265.138870417109
"1038",1038,3460.31,265.436773464173
"1039",1039,3461.84,265.3402511661
"1040",1040,3462.6,265.300439563004
"1041",1041,3464.59,265.400710761534
"1042",1042,3465.9,265.251795755496
"1043",1043,3467.36,265.317934683365
"1044",1044,3468.65,265.174475629259
"1045",1045,3469.9,265.127737461996
"1046",1046,3471.13,264.887041105175
"1047",1047,3473.15,264.814605436568
"1048",1048,3474.24,264.533021749572
"1049",1049,3475.72,264.532676563212
"1050",1050,3477.68,264.939630249549
"1051",1051,3479.29,265.224558752874
"1052",1052,3481.18,265.985166291033
"1053",1053,3482.98,265.880051181283
"1054",1054,3484.06,265.597737151125
"1055",1055,3486.6,264.633346501925
"1056",1056,3487.63,264.243599542146
"1057",1057,3489.7,265.046460573663
"1058",1058,3490.45,264.876467299934
"1059",1059,3491.9,263.770044477451
"1060",1060,3492.8,263.538278514572
"1061",1061,3494.35,264.410355051737
"1062",1062,3496.07,264.186162362525
"1063",1063,3497,264.226907384276
"1064",1064,3499.98,264.603075331235
"1065",1065,3500.82,264.677023688659
"1066",1066,3502.38,264.871181955121
"1067",1067,3504.27,265.071511410819
"1068",1068,3505.6,264.653842907403
"1069",1069,3508.11,264.87599137725
"1070",1070,3509.76,265.030706054063
"1071",1071,3510.8,265.284333834054
"1072",1072,3512.87,264.490425062033
"1073",1073,3514.4,263.856595578551
"1074",1074,3515.06,263.721686019121
"1075",1075,3516.69,263.639702678263
"1076",1076,3523.08,266.972426223452
"1077",1077,3524.69,266.506531274791
"1078",1078,3526.16,266.299167983467
"1079",1079,3527.74,266.096649108302
"1080",1080,3528.59,266.226799909211
"1081",1081,3529.54,266.205450391576
"1082",1082,3531.98,264.427759510986
"1083",1083,3533.8,263.961353155336
"1084",1084,3534.92,264.59245123874
"1085",1085,3536.61,264.383555739487
"1086",1086,3538.36,263.479074361253
"1087",1087,3539.82,263.548909841775
"1088",1088,3541.23,264.062965210875
"1089",1089,3543.11,263.52777228914
"1090",1090,3545.01,262.966814167749
"1091",1091,3546.53,262.352852648736
"1092",1092,3548.57,259.97572749949
"1093",1093,3550.85,260.724568280495
"1094",1094,3552.72,259.738605198194
"1095",1095,3554.18,259.788545715258
"1096",1096,3556.37,260.566773659562
"1097",1097,3557.45,260.175052764111
"1098",1098,3558.75,260.075838783982
"1099",1099,3564.4,262.459424473478
"1100",1100,3565.49,262.812891732133
"1101",1101,3566.89,262.47104294348
"1102",1102,3572.97,261.075648118326
"1103",1103,3574.43,260.418825639535
"1104",1104,3575.78,260.367788819096
"1105",1105,3577.84,259.403072339928
"1106",1106,3579.84,259.045400646218
"1107",1107,3581.11,258.790110149347
"1108",1108,3583.02,258.447266371594
"1109",1109,3584.21,258.66632673361
"1110",1110,3585.12,258.514492882513
"1111",1111,3586.2,258.910850067795
"1112",1112,3588.82,259.102623091564
"1113",1113,3590.16,258.415870294767
"1114",1114,3591.42,258.314473602869
"1115",1115,3597.87,252.744597200695
"1116",1116,3600.12,254.163563021289
"1117",1117,3601.46,253.861985091796
"1118",1118,3602.81,254.080226533179
"1119",1119,3604.19,253.748093290343
"1120",1120,3605.83,253.426779216882
"1121",1121,3607.16,253.072781482467
"1122",1122,3608.26,253.108377793172
"1123",1123,3609.3,252.760656540826
"1124",1124,3610.82,251.579711246975
"1125",1125,3616.76,252.066213843935
"1126",1126,3618.08,251.608589726667
"1127",1127,3619.31,250.656217343455
"1128",1128,3620.73,250.531792171949
"1129",1129,3622.59,251.348407835045
"1130",1130,3624.41,250.543574508054
"1131",1131,3625.75,250.939623105727
"1132",1132,3627.16,250.523601984953
"1133",1133,3628.39,250.777372998604
"1134",1134,3629.61,250.470179881959
"1135",1135,3631.25,250.21091607932
"1136",1136,3632.17,250.264508757104
"1137",1137,3633.6,250.593114611932
"1138",1138,3634.82,250.371577597552
"1139",1139,3636.1,249.89385625489
"1140",1140,3637.94,249.628848533582
"1141",1141,3638.8,249.669033447535
"1142",1142,3639.67,249.327663806875
"1143",1143,3642.48,248.360502072892
"1144",1144,3643.66,248.344507375207
"1145",1145,3644.63,247.928331734733
"1146",1146,3645.59,248.255330234618
"1147",1147,3647.24,247.842248622022
"1148",1148,3648.22,248.018147755687
"1149",1149,3649.12,248.125875516864
"1150",1150,3650.73,247.948709872168
"1151",1151,3652.29,247.754003728772
"1152",1152,3653.39,247.18638512244
"1153",1153,3654.46,247.232129094432
"1154",1154,3655.64,246.82380416611
"1155",1155,3661.75,245.621387834236
"1156",1156,3663.5,246.033236647721
"1157",1157,3666.11,245.903894136541
"1158",1158,3667.24,245.581524656325
"1159",1159,3669.7,244.646333066384
"1160",1160,3671.51,244.664911850697
"1161",1161,3673.49,244.212545901634
"1162",1162,3674.88,243.379127280791
"1163",1163,3677.67,242.974332725982
"1164",1164,3678.95,242.506497882328
"1165",1165,3680.22,242.713472841929
"1166",1166,3681.85,242.673134071326
"1167",1167,3682.6,242.97033946263
"1168",1168,3683.75,242.791816504626
"1169",1169,3684.89,242.629696442871
"1170",1170,3686.65,242.681791694808
"1171",1171,3687.48,243.078134339433
"1172",1172,3688.53,242.375218546898
"1173",1173,3690.66,241.111241353593
"1174",1174,3691.83,241.113999400845
"1175",1175,3693.88,239.205514952809
"1176",1176,3694.81,238.874705968454
"1177",1177,3697.25,239.267627302039
"1178",1178,3698.72,238.780152466911
"1179",1179,3700.38,239.171540653536
"1180",1180,3702.02,238.564773407792
"1181",1181,3702.98,238.912011190122
"1182",1182,3704.55,238.544635088054
"1183",1183,3706.36,238.931397110661
"1184",1184,3707.76,238.987219978666
"1185",1185,3709.03,237.700365454859
"1186",1186,3716.13,237.151217793648
"1187",1187,3717.15,237.045338330545
"1188",1188,3718.64,237.318246030494
"1189",1189,3719.9,236.919135503397
"1190",1190,3720.72,236.776631729851
"1191",1191,3726.53,236.379358470893
"1192",1192,3727.87,236.221418772449
"1193",1193,3729.79,235.531519904846
"1194",1194,3730.66,235.94932772213
"1195",1195,3731.22,235.957819377219
"1196",1196,3732.98,235.519369337924
"1197",1197,3734.15,235.813887194837
"1198",1198,3735.56,235.468298494637
"1199",1199,3737,235.592440413096
"1200",1200,3738.33,234.863986213728
"1201",1201,3739.76,235.087394881825
"1202",1202,3742.23,232.97838175169
"1203",1203,3743.68,233.205154403594
"1204",1204,3745.64,233.344784134611
"1205",1205,3746.77,233.484749788586
"1206",1206,3747.98,233.204638968361
"1207",1207,3749.43,233.122556531187
"1208",1208,3750.91,232.471877087022
"1209",1209,3752.05,232.481448157426
"1210",1210,3757.55,231.891448612048
"1211",1211,3759.04,231.788083290655
"1212",1212,3761.74,232.748167543698
"1213",1213,3762.99,232.553480109654
"1214",1214,3764.05,232.835372325728
"1215",1215,3765.15,233.113982394619
"1216",1216,3766.38,232.926822513992
"1217",1217,3768.33,232.571485914774
"1218",1218,3770.1,232.784224013344
"1219",1219,3772.44,232.928363722117
"1220",1220,3773.78,233.045865343145
"1221",1221,3779.37,231.76288191672
"1222",1222,3780.68,231.864810838235
"1223",1223,3781.96,231.487151725839
"1224",1224,3788.09,231.369226758679
"1225",1225,3788.91,231.226728340367
"1226",1226,3790.53,230.835962352385
"1227",1227,3791.4,230.533505091336
"1228",1228,3792.85,230.44390079614
"1229",1229,3794.13,230.550796567654
"1230",1230,3795.42,230.820940702239
"1231",1231,3796.72,230.828769454938
"1232",1232,3798.12,229.75095343885
"1233",1233,3799.51,229.960492654321
"1234",1234,3801.24,229.629394873346
"1235",1235,3802.36,229.325824401383
"1236",1236,3808.85,227.886706523441
"1237",1237,3810.24,227.73443332358
"1238",1238,3812.02,226.320902947808
"1239",1239,3812.96,226.318088476633
"1240",1240,3814.94,226.210272252891
"1241",1241,3815.95,225.724216062814
"1242",1242,3818.51,225.616439287494
"1243",1243,3820.19,224.537490739241
"1244",1244,3821.09,224.478254554148
"1245",1245,3821.89,224.422711494054
"1246",1246,3823.41,224.093869896641
"1247",1247,3825.03,224.098348494539
"1248",1248,3826.78,223.822015327926
"1249",1249,3828.18,223.826293578234
"1250",1250,3829.38,223.659272785705
"1251",1251,3830.51,223.427365776392
"1252",1252,3831.43,223.124201268978
"1253",1253,3832.61,222.509284563974
"1254",1254,3833.71,221.965976781319
"1255",1255,3834.81,221.788173351024
"1256",1256,3835.57,221.672078083867
"1257",1257,3836.99,220.74042047691
"1258",1258,3837.88,220.90325502538
"1259",1259,3838.55,220.763934206801
"1260",1260,3839.76,219.840948934185
"1261",1261,3841.13,219.495457029447
"1262",1262,3846.98,213.600872960044
"1263",1263,3847.78,213.663975778451
"1264",1264,3849.57,212.604496232281
"1265",1265,3850.69,212.613021399647
"1266",1266,3852.21,212.185134286361
"1267",1267,3853.37,212.532856877531
"1268",1268,3854.41,212.887749385407
"1269",1269,3855.36,212.843781096642
"1270",1270,3856.23,212.570314213553
"1271",1271,3857.75,212.475043097758
"1272",1272,3862.73,213.020739493941
"1273",1273,3863.85,212.676801078942
"1274",1274,3864.79,212.6394632074
"1275",1275,3866.08,212.170727900382
"1276",1276,3867.65,212.136575742319
"1277",1277,3868.78,212.32905566311
"1278",1278,3869.54,211.870525547938
"1279",1279,3870.33,212.084033993008
"1280",1280,3871.61,212.271833299007
"1281",1281,3872.98,212.011433844517
"1282",1282,3873.72,211.979896130827
"1283",1283,3875.39,211.695984369047
"1284",1284,3876.84,212.147733926387
"1285",1285,3883.22,209.479662232134
"1286",1286,3884.81,208.597853645368
"1287",1287,3890.47,207.193485672331
"1288",1288,3891.54,206.932986761659
"1289",1289,3896.88,202.718807088723
"1290",1290,3897.44,202.743671574815
"1291",1291,3898.36,202.437446130798
"1292",1292,3899.33,202.857319365612
"1293",1293,3901,202.46855348798
"1294",1294,3910.76,196.363305835861
"1295",1295,3913.2,194.889867889689
"1296",1296,3914.45,195.144669205162
"1297",1297,3915.68,195.094272990099
"1298",1298,3916.98,194.643210500493
"1299",1299,3922.52,189.62714505422
"1300",1300,3923.2,189.842252431014
"1301",1301,3924.01,189.87287054684
"1302",1302,3929.41,189.153248489529
"1303",1303,3931.53,186.145075115886
"1304",1304,3932.15,185.967107714013
"1305",1305,3933.35,185.775272897665
"1306",1306,3935.02,185.667672049941
"1307",1307,3936.78,186.327266123373
"1308",1308,3938.42,186.353968608564
"1309",1309,3944.72,183.05389613141
"1310",1310,3945.45,182.696435032918
"1311",1311,3946.88,182.694107649089
"1312",1312,3947.91,181.75425161409
"1313",1313,3949.27,181.490287187591
"1314",1314,3950.35,181.327449492331
"1315",1315,3951.31,181.417911146746
"1316",1316,3952.79,181.346662556006
"1317",1317,3954.45,182.155909189148
"1318",1318,3955.2,182.242872690442
"1319",1319,3956.41,182.217213869335
"1320",1320,3957.73,181.401160164677
"1321",1321,3958.9,181.142976065256
"1322",1322,3959.41,181.138102066357
"1323",1323,3960.52,181.103658023506
"1324",1324,3961.94,181.224444802403
"1325",1325,3963.16,181.431775863351
"1326",1326,3964,181.059005952103
"1327",1327,3965.33,180.839683172972
"1328",1328,3966.27,180.99382516394
"1329",1329,3967.23,180.764921006999
"1330",1330,3968.35,180.893035808569
"1331",1331,3970.25,181.419173922347
"1332",1332,3971.86,181.646066110261
"1333",1333,3973.33,181.457402686964
"1334",1334,3974.39,181.253318743563
"1335",1335,3975.46,181.180941981693
"1336",1336,3976.59,181.249261649489
"1337",1337,3977.74,181.438729397151
"1338",1338,3978.78,181.871337583313
"1339",1339,3979.97,181.970496831689
"1340",1340,3981.36,181.785728012655
"1341",1341,3986.65,179.775694978633
"1342",1342,3987.97,179.065218918311
"1343",1343,3989.17,179.34691032305
"1344",1344,3990.27,179.346730095532
"1345",1345,3991.5,179.012244939791
"1346",1346,3992.95,178.197675675531
"1347",1347,3995.29,178.980518944426
"1348",1348,3996.47,178.911267155402
"1349",1349,3997.25,178.99942864307
"1350",1350,3997.93,179.096794268272
"1351",1351,3998.91,179.072757348075
"1352",1352,4000.81,179.183766343975
"1353",1353,4001.89,179.663596701719
"1354",1354,4003.58,179.250638813789
"1355",1355,4008.65,174.358296781557
"1356",1356,4014.56,173.649962553838
"1357",1357,4015.96,173.971257349708
"1358",1358,4016.89,173.783151477276
"1359",1359,4018.44,173.141170870781
"1360",1360,4019.29,172.694937138097
"1361",1361,4020.6,172.416749051638
"1362",1362,4021.8,172.397239191375
"1363",1363,4023.12,172.536412786906
"1364",1364,4025.02,172.733050302097
"1365",1365,4025.77,172.611249735797
"1366",1366,4026.78,173.151920216749
"1367",1367,4027.87,173.189372326562
"1368",1368,4028.8,173.323601125383
"1369",1369,4029.51,173.486790752658
"1370",1370,4031.38,172.728594253318
"1371",1371,4032.55,173.062339150733
"1372",1372,4033.75,172.801127883992
"1373",1373,4034.58,172.462274018395
"1374",1374,4035.75,172.756872131579
"1375",1375,4036.42,172.93527603404
"1376",1376,4037.35,172.583774124073
"1377",1377,4038.3,172.60444064187
"1378",1378,4039.61,172.362191769295
"1379",1379,4040.28,172.363140262679
"1380",1380,4041.09,172.686093150771
"1381",1381,4042.87,173.478823264432
"1382",1382,4043.81,173.180392607935
"1383",1383,4045.52,173.110549136158
"1384",1384,4046.76,173.322559105702
"1385",1385,4047.76,173.433020285217
"1386",1386,4049.18,173.573515412131
"1387",1387,4050.14,172.942859717517
"1388",1388,4050.94,172.640095065551
"1389",1389,4052.42,172.399476199725
"1390",1390,4053.59,172.186303553195
"1391",1391,4055.11,172.535102269514
"1392",1392,4055.9,172.679448456358
"1393",1393,4062.08,170.180396264456
"1394",1394,4063.31,170.11746951546
"1395",1395,4063.94,170.221295063013
"1396",1396,4069.25,169.372482649301
"1397",1397,4070.19,169.033957200524
"1398",1398,4071.27,168.940061990798
"1399",1399,4074.36,169.368435874891
"1400",1400,4075.76,169.382009229154
"1401",1401,4076.76,169.68622974672
"1402",1402,4077.42,169.918826728434
"1403",1403,4078.49,170.175280700859
"1404",1404,4079.23,169.82104990224
"1405",1405,4080.2,169.750321699759
"1406",1406,4081.55,169.473896264739
"1407",1407,4082.47,169.663508632871
"1408",1408,4083.15,169.630398874206
"1409",1409,4083.97,169.7272592286
"1410",1410,4085.14,168.988375668598
"1411",1411,4086.04,168.291229057779
"1412",1412,4087.38,168.021750636246
"1413",1413,4088.76,168.31374743543
"1414",1414,4089.82,167.862580882715
"1415",1415,4091.89,166.958041967968
"1416",1416,4093.41,166.767490412808
"1417",1417,4098.73,160.115605647036
"1418",1418,4104.26,155.018840171383
"1419",1419,4105.01,154.467641997418
"1420",1420,4106.07,154.58123652911
"1421",1421,4107.27,154.932298997747
"1422",1422,4108.39,155.016121351258
"1423",1423,4109.48,154.616141172619
"1424",1424,4110.46,154.66473483642
"1425",1425,4111.1,154.723050067604
"1426",1426,4112.21,154.92522112753
"1427",1427,4113.12,154.605609683008
"1428",1428,4118.54,149.022296481046
"1429",1429,4119.35,149.128808468222
"1430",1430,4120.59,148.553095293273
"1431",1431,4121.93,148.411130773179
"1432",1432,4122.56,148.131754076081
"1433",1433,4123.07,148.196719861736
"1434",1434,4124.49,147.648401291854
"1435",1435,4129.79,143.992093988917
"1436",1436,4134.98,138.891133880846
"1437",1437,4135.64,138.791721000144
"1438",1438,4137.25,138.50780344862
"1439",1439,4137.86,138.497713214539
"1440",1440,4138.91,138.092861085678
"1441",1441,4139.54,138.024475943928
"1442",1442,4140.92,137.880908941394
"1443",1443,4142.38,138.008767105499
"1444",1444,4148.44,132.720890395878
"1445",1445,4149.28,132.507372007612
"1446",1446,4154.63,126.941301554711
"1447",1447,4155.49,126.108939197245
"1448",1448,4156.95,125.608770121012
"1449",1449,4158.58,125.350674171109
"1450",1450,4159.32,125.523138033664
"1451",1451,4160.29,125.747405539836
"1452",1452,4161.3,124.901375234036
"1453",1453,4162.3,124.902750048576
"1454",1454,4162.82,124.823218832058
"1455",1455,4168.58,120.745259856351
"1456",1456,4173.36,115.126940918503
"1457",1457,4174.28,115.241518893009
"1458",1458,4175.69,115.024696074672
"1459",1459,4177.77,115.027783644218
"1460",1460,4179.12,115.287105817072
"1461",1461,4180.39,114.826077969328
"1462",1462,4181.37,114.750819631324
"1463",1463,4182.2,114.762292754998
"1464",1464,4183.46,114.88495958738
"1465",1465,4184.36,115.150890907399
"1466",1466,4185.12,114.806405339906
"1467",1467,4185.89,114.877791455516
"1468",1468,4188.19,114.251600346858
"1469",1469,4188.84,114.285458657723
"1470",1470,4190.18,114.159146401288
"1471",1471,4190.81,114.314089289558
"1472",1472,4192.62,114.647970639332
"1473",1473,4193.85,114.758981075007
"1474",1474,4194.87,114.753724439459
"1475",1475,4196.38,114.802050099598
"1476",1476,4197.22,114.947557651744
"1477",1477,4198.9,115.581315116417
"1478",1478,4199.88,115.549567832436
"1479",1479,4201.15,115.595897920997
"1480",1480,4202.95,115.426864772076
"1481",1481,4203.98,115.34655555667
"1482",1482,4205.74,116.016249297286
"1483",1483,4207.16,114.990796293978
"1484",1484,4207.75,115.068479830512
"1485",1485,4209.21,114.836404937589
"1486",1486,4210.29,115.097261900402
"1487",1487,4211.02,115.027618993497
"1488",1488,4215.96,111.236386750801
"1489",1489,4216.94,111.292209788448
"1490",1490,4217.46,111.440650508953
"1491",1491,4218.27,111.42364827064
"1492",1492,4219.71,111.743871546868
"1493",1493,4220.69,111.664513321617
"1494",1494,4221.67,111.542812816017
"1495",1495,4223.08,111.938987710703
"1496",1496,4223.85,111.345252038491
"1497",1497,4225.89,110.525822660352
"1498",1498,4226.74,110.8001768587
"1499",1499,4228.09,110.590252461028
"1500",1500,4230.02,110.996494621145
"1501",1501,4231.58,111.144748645697
"1502",1502,4232.77,111.196963751151
"1503",1503,4233.75,110.40754393417
"1504",1504,4234.67,110.234649175238
"1505",1505,4235.81,110.428613533217
"1506",1506,4237.27,110.135807349863
"1507",1507,4238.48,109.783209696716
"1508",1508,4240.1,109.665837705258
"1509",1509,4240.89,109.455114641629
"1510",1510,4242.19,109.009562642342
"1511",1511,4243.45,109.288550972814
"1512",1512,4244.87,109.466073799745
"1513",1513,4246.02,109.64948562109
"1514",1514,4246.68,109.316229260792
"1515",1515,4247.34,108.733314753914
"1516",1516,4248.11,109.043860603674
"1517",1517,4249.41,109.144616787716
"1518",1518,4250.25,109.273114883596
"1519",1519,4251.34,109.53272837768
"1520",1520,4252.79,109.548042594853
"1521",1521,4253.6,109.762369588934
"1522",1522,4254.54,109.54943720494
"1523",1523,4255.6,109.835414060394
"1524",1524,4256.24,109.720684863287
"1525",1525,4257.49,109.445572008753
"1526",1526,4258.51,109.209509982909
"1527",1527,4259.44,109.120480167195
"1528",1528,4260.52,109.23355387851
"1529",1529,4261.34,109.109362244002
"1530",1530,4262.26,108.965254400963
"1531",1531,4263.23,109.111735427867
"1532",1532,4263.82,109.160560088284
"1533",1533,4264.72,109.102961287108
"1534",1534,4265.56,108.205688903639
"1535",1535,4267.29,108.425582634805
"1536",1536,4268.14,108.289736682232
"1537",1537,4269.25,108.098475026386
"1538",1538,4270.84,107.851068280722
"1539",1539,4272.09,107.927032496193
"1540",1540,4272.71,107.951007873989
"1541",1541,4274.31,108.430370992335
"1542",1542,4274.87,108.137459753872
"1543",1543,4275.61,108.311736308778
"1544",1544,4276.6,108.404032874402
"1545",1545,4277.45,108.350849399793
"1546",1546,4278.24,108.546514723347
"1547",1547,4279.09,108.145253518524
"1548",1548,4280.11,107.693719745987
"1549",1549,4281.3,107.922858720215
"1550",1550,4282.21,107.868634566459
"1551",1551,4282.9,108.019031245013
"1552",1552,4284.15,108.179832975589
"1553",1553,4284.8,107.996539413319
"1554",1554,4285.28,108.11330382819
"1555",1555,4286.3,108.188341200506
"1556",1556,4291.26,102.499235769509
"1557",1557,4296.43,95.4409495367939
"1558",1558,4297.19,95.3897581483251
"1559",1559,4298.03,95.3537226553973
"1560",1560,4299.72,95.4577573293205
"1561",1561,4306.08,87.1039875462923
"1562",1562,4306.83,87.1337129898292
"1563",1563,4307.78,86.9995448728372
"1564",1564,4309.55,86.0572249122406
"1565",1565,4310.72,86.0291329560616
"1566",1566,4311.74,85.3786125136001
"1567",1567,4312.46,85.5252836383145
"1568",1568,4314.05,85.5859630471438
"1569",1569,4314.92,85.6321331173189
"1570",1570,4315.82,85.5814786910666
"1571",1571,4316.74,85.6069972595581
"1572",1572,4318.35,85.8160323840564
"1573",1573,4319.19,85.9644858548158
"1574",1574,4325.47,75.2386714181456
"1575",1575,4327.14,75.3027586117896
"1576",1576,4328.02,74.8571676965911
"1577",1577,4329.65,74.1706161699517
"1578",1578,4331.14,74.2340034803948
"1579",1579,4333.56,73.0333146619065
"1580",1580,4335.37,72.714837383835
"1581",1581,4336.05,72.6416936515501
"1582",1582,4336.99,71.9494063263004
"1583",1583,4337.81,71.897190206544
"1584",1584,4338.63,71.632571875756
"1585",1585,4339.49,71.2947353801758
"1586",1586,4344.15,61.2089276844712
"1587",1587,4345.9,61.0582599744794
"1588",1588,4348.33,60.1273152602379
"1589",1589,4349.1,60.200422831496
"1590",1590,4351.21,59.767782105226
"1591",1591,4352.39,59.8167057169507
"1592",1592,4353.28,59.7579427120087
"1593",1593,4354.03,59.8070052651684
"1594",1594,4354.89,59.825992628116
"1595",1595,4355.57,59.9719218813389
"1596",1596,4356.21,59.8029246607538
"1597",1597,4357.94,59.7196852644152
"1598",1598,4358.92,59.7823797560195
"1599",1599,4360,59.5174195704353
"1600",1600,4360.85,59.5639669734661
"1601",1601,4361.76,59.4578400841701
"1602",1602,4363.06,59.2193013853225
"1603",1603,4363.93,58.8961172426725
"1604",1604,4364.54,59.0750968742927
"1605",1605,4365.35,59.2013129461286
"1606",1606,4366.39,59.3086252606063
"1607",1607,4367.45,59.4177769882232
"1608",1608,4368.15,59.5749888202196
"1609",1609,4369.51,59.6536290140462
"1610",1610,4370.2,59.6337305405407
"1611",1611,4370.88,59.6725543057588
"1612",1612,4373.01,58.299383194062
"1613",1613,4374.56,58.0301767543527
"1614",1614,4379.71,43.6633806304643
"1615",1615,4381.03,43.8236721695506
"1616",1616,4382.33,43.9908289340293
"1617",1617,4384.27,43.3067179336165
"1618",1618,4385.23,43.344719949202
"1619",1619,4386.56,43.2594521696727
"1620",1620,4388.59,42.3186791625236
"1621",1621,4389.64,42.3822242136126
"1622",1622,4391.06,42.1722825341647
"1623",1623,4392.28,42.2218957988445
"1624",1624,4393.55,42.2583145844123
"1625",1625,4394.49,41.8360182646774
"1626",1626,4395.77,41.8194423393684
"1627",1627,4400.19,8.93940883409134
"1628",1628,4400.76,8.72025391160305
"1629",1629,4402.56,7.5348617382233
"1630",1630,4403.35,7.28409780330281
"1631",1631,4404.6,6.05363235144526
"1632",1632,4405.29,5.61436649241133
"1633",1633,4406.09,5.19730893848155
"1634",1634,4406.91,3.06856002158351
"1635",1635,4407.54,2.39705206156616
"1636",1636,4408.42,1.62169633097537
"1637",1637,4409,0
